1643860172.445232,node1,2c0ef96652734a76ea2070d821156f51281b197fc9b79198feff66d749a68dfa,0.0005180835723876953,88
1643860173.4864666,node1,ede99c747f5099d40379edfc5120f5d2d08f938d79a06746e75c3b5b09dd8aba,0.0003478527069091797,89
1643860173.6598868,node1,ca92182054d9bfe8c2e0c0b4d0625b6ec5787c06757ed0c430d87490d2ae6965,0.00035190582275390625,89
1643860174.1212103,node1,c7f359ae3d8d04b592e14ab3a3934c7107d6282f6bf8edb1ccb7240462135bff,0.0003478527069091797,89
1643860174.8396926,node1,e6deb0beb4832d45af10e5cc66cc5c104ed8ea876539ebb5d84fd7cb85a8e096,0.0003581047058105469,89
1643860175.3178585,node1,5e2ebfe030ead5cf0f625d159921f16f79cad4c77193adba205465c0b2bb233c,0.00040912628173828125,89
1643860175.4687243,node1,732366aac802db9a68da3df3f4426d0af780bd1b247dd715fb83b3d3b06ef27c,0.0003628730773925781,89
1643860177.114432,node1,a77ca4001aa2c4b46665439985ac17a75d92dbd45ce34e587d2ce3fe0879d207,0.0003619194030761719,88
1643860177.9403481,node1,561c8a101598117b6e6bd96a3a8511f51cf0440bbe25af474e31d92d47df9d3d,0.00037217140197753906,89
1643860177.9655626,node1,abf1a91476b4c498c68ef202fe79c265e685e073ddab29b89fdeff37404256da,0.00026226043701171875,89
1643860177.9723358,node1,424662533ff206c3a346da2c69e760adb7d75d345305351da9a5499e4822bf6a,0.00016808509826660156,89
1643860179.3654544,node1,0ce5a7457bbbea9266d63ed6f685710ed8a408603d960c9fc82a5bebcca46156,0.0003762245178222656,89
1643860179.605249,node1,fceae918b097444cdf9fcb38d8ee1ad9f5e72d5dab2db1651256b39898baf7eb,0.0003845691680908203,88
1643860179.687279,node1,a2dd68875e9439180a3193a534834bd0d7302e08167a36700680860facb2d827,0.0004076957702636719,88
1643860179.8440738,node1,05c7f8d5c22daf9a62e18737242c33368bb82b14d8fa073557e8559d717f293c,0.00037479400634765625,89
1643860180.356342,node1,2b374b4bf8768c8a75da4e84647056a3c4eb42656a45aede145f85798ceecfb8,0.00040221214294433594,88
1643860180.7909062,node1,5b5cf807dad9bfbd5b4eca4802c88c194bc1b79f31626c373c5b1e34a79788bf,0.0003514289855957031,89
1643860181.1959932,node1,bb77a4722468241c407e377ceb7fb4dd4f6239413e575590ed3c6dab9fcffca3,0.0003540515899658203,89
1643860181.6917622,node1,e9c4b703b6a2b04aff55325a8ace06586816a68f0958dd47850aa76bbee54fa4,0.0003447532653808594,89
1643860181.9412837,node1,f5241d323eea9a99312df1cd329ca016ee06aeab4af837d3c8ccfcefb6d5ca8c,0.00042510032653808594,89
1643860182.0622141,node1,656c65d4c704aea06c49010232b1b8e7bef83b09fdff248a69e4cbd76ed8ddd5,0.00030684471130371094,89
1643860182.3683708,node1,db2ef93782ad5ce65315404e6a3c256cbc3706914d3fe26903ea1001872b1ae1,0.00034117698669433594,89
1643860182.5295908,node1,21252eccb85b16935758d4a46d801848cd057f59b32b494a6c754439a963c118,0.000339508056640625,89
1643860183.5228121,node1,669603a98f894a9b68a8f758dba2a65e5e952f6c5e4ea7bd180dc805638ac9c0,0.0003199577331542969,89
1643860183.6846159,node1,1fc20a92ca0104102b681e251d2fea57460f6a3f92d39b51d855c4c7915f0bfd,0.0003292560577392578,89
1643860183.9916475,node1,96bdb3ba4e024e36be6471d3e421384a0be7f4ad97c8819a9f77541f69c6bbc8,0.0003311634063720703,89
1643860184.4302945,node1,33f995eaf8517450fa826484184711053963cc84fed002d8067d3ca5c533ea35,0.0003561973571777344,89
1643860184.7439888,node1,c4a4ca2c60cf97904a0428a245aef22fc91bf92f820d8fd7bbfb57ba48c185ec,0.0003578662872314453,89
1643860184.885852,node1,9035437fb82497e470c19690da1a684c794b0fca84a996581be923cba2471aa1,0.0003333091735839844,88
1643860185.2150643,node1,624f28bc6e0324c9081b9a7e009774695e2561b763cd2a6c99468942d9ae3962,0.0003523826599121094,89
1643860185.4045143,node1,82da63d220bc29d6d5a4bc6bc3744ff8f5883e67dc0654d62824b6b520990419,0.0003104209899902344,89
1643860187.212315,node1,2b0cee2535ca0f47c39f814e46689684977bfa0cc4e9f632307b0eaf09d13563,0.00039386749267578125,88
1643860188.0057778,node1,02240d8a1859d3c168826bf4ac1bffafe334cbcb12d97ed81a592fce72ab81ac,0.0003108978271484375,89
1643860188.0227938,node1,27dac647d48ebbbcdeb55d949ead0cc28ca7067a12b2ac2b595d52869947899a,0.0002636909484863281,89
1643860188.1006618,node1,8038a4d091f3a93679bf3d9de3ad18f3d48521d397daa7e334e3660c5b014ad2,0.0003154277801513672,89
1643860188.1526992,node1,e47ca756aa849bac3dbf162b3225f7c70a34a09526792a53eee0423edff46521,0.0002865791320800781,89
1643860188.6069915,node1,09f33a1f92757bee669e2add93e3c8495f7d9e008fb3f3888b81008642e93178,0.0003402233123779297,89
1643860188.6822863,node1,d5fda195d0d96411228c82f6f72155e767a62d0f467d988d10669d76a2a6ac76,0.0003457069396972656,89
1643860189.183969,node1,4804d94e4dca9a0868bf4a66fc9a1be8bf52e68b59deb2f1a28b0fbcf1984f2a,0.0003840923309326172,88
1643860189.5818558,node1,62c2f40034c867d6b1d53d136296bc13691aba28f9d8346f5b5dafb8473ddf6e,0.00034046173095703125,89
1643860189.6829195,node1,64f1d5a5ca425d536bdf62bbb9eac60258986f669b926d708ed3b471f56f811a,0.000347137451171875,89
1643860189.7976806,node1,f65358ba29a6a91717ca96af5b14d441c6a2e06dc4deda8878b9dcc6a177f89b,0.0003457069396972656,89
1643860190.1841388,node1,1acc5575a262fbc5ccc978db6d382e0848f17db9380bfcbd6f7ec057784d6cb4,0.0003552436828613281,89
1643860190.5163965,node1,a47a7dfb215dbb99054579b859eb67ee4cb6bc808f82834e0eb0048cb4fc2a84,0.00033164024353027344,89
1643860190.6802454,node1,0e2bddd22998a16a33b75e029470f382b534bc8267438c047ddd077cd18cece6,0.0003094673156738281,89
1643860191.607448,node1,bf1102db76af7590925ea6b9f7636bc047d3b44413fbc68fbef7dc7e60010719,0.0003039836883544922,88
1643860191.8820424,node1,eed2209533f4d5d4edc27b9b5d107ae03fe3bfb82b2050ceda0c72dd4736a881,0.00039505958557128906,89
1643860192.6408658,node1,ba24bb0cc578af6709b3cdbdd423baa6666f1abb66c9c0b15601bc8be1610389,0.0003981590270996094,89
1643860193.547985,node1,c4b68e83272c64911775b86a42882b379c6787715b533258cd362b950590f193,0.0003688335418701172,88
1643860193.5945458,node1,8c98cc39a2bff95666e2978dc628bb5e78d81dc39cb9fe51583d31f9a9887531,0.00031757354736328125,89
1643860195.1771855,node1,55c20190a44f0f3fcdf16c7741dec50652a62c3c3bbb69222bba53827ff51f40,0.00034499168395996094,89
1643860195.4854424,node1,cad8130639f4b4fb81c44b924e702d97e492add1faccdf32c5461db0de9ad035,0.00036525726318359375,89
1643860196.1697946,node1,1e52ed606a83b161f84819f61d4626356365fae60052944b1f0f215c0ab3cf62,0.0003638267517089844,89
1643860196.476815,node1,8bb12ff3f6a548ca9de6ca7d05ebf5fd6c5cc8043c21ec22cb0eba9eb83499b1,0.0003256797790527344,88
1643860196.7160263,node1,63b4387b32ea06169846953c91beb65dc66d72c389a971851a254a729e8c7c09,0.000377655029296875,89
1643860197.6307414,node1,c11b1309be51e95c26b50214672361a39971fb590e7fc79816be0695ce2c46a9,0.00023674964904785156,89
1643860198.9188137,node1,674e6692d206a10b62e77f75a227e0f15e553409dc9b08b55626a67af70d954a,0.00034046173095703125,89
1643860200.2070224,node1,f9c2fc731d1fb67274af2ccabd6d779c34f5f28ba7322f1de23dbc05edd3ec88,0.00032067298889160156,89
1643860201.1272154,node1,f03b9558bf7b10b07f2f039d4fd0bd73b9d596428e2df762dc0f76308c156a17,0.0011794567108154297,89
1643860201.1765337,node1,947c678df809a8bcecf6eb892e6b9140c50144413b3d5a2e617ff3e5dc8e884f,0.00036907196044921875,89
1643860201.2055943,node1,882469c1592d72c94709ff10a6b2ebca24c9c79510941745ed56c6989a0b85ee,0.0003142356872558594,89
1643860201.522412,node1,0a8621ec1b831377ecc8f6483e7c748b5ad8e92e8882bf1d369afdf8213b2395,0.0021936893463134766,88
1643860203.1600373,node1,037df0b0391e39cf469692cbd98a7784d1f015e5216e1c539e28d4bfebb01e97,0.00034308433532714844,89
1643860203.6777675,node1,d47f0953ff2e701feb5221e4f21ac0c9551166a1e19b4d454972e81684376eb2,0.0003306865692138672,89
1643860203.723051,node1,25be5214cd0dc28a745d04ee785cb01b2ddb25404b99725a6c038de4c01615e6,0.0002913475036621094,88
1643860204.0095038,node1,7e68023bce50325856f74b15f4bdcf70c38e790b360b80f414f4da1da7c93f9d,0.00031065940856933594,89
1643860204.0230782,node1,2af64d0aa44104c9b221295f677741d12a77e2d7fe6690a0e457ad5c32149d48,0.0002219676971435547,89
1643860204.1562896,node1,ef752cb478876f82c9c04d9a30305495641623e9002f5fe9062eed399c9ddfca,0.00028061866760253906,89
1643860204.2946064,node1,7ea5d605f785af40e1edeac822a714114606280cb64581f19eef631624ddedbe,0.0003390312194824219,89
1643860204.7880166,node1,c9be77ac55ad3a4237d741eb1f5af976fc3e79be33a195595cc65a19def3023b,0.00034499168395996094,89
1643860205.9940825,node1,a72871194b2df225b48975b8f87724a7dc75e4bcecca156b9c8a13e9d5f8bab9,0.0003643035888671875,89
1643860206.7680297,node1,2dc12dc230b57139a90f8f4a9fd10c52063df0d4f692f0853ca5f190e72fa82c,0.00034236907958984375,89
1643860207.6376605,node1,3d2803e1e8d3affbbea510af1640a041dd8166a8024c37ac543e2929b0d6ad29,0.0003066062927246094,89
1643860207.8657641,node1,b9a31a25223fd3613033698c450e2b2362765c90fa997cb19a4bdf38bd9f50ab,0.00034236907958984375,89
1643860207.8968554,node1,feb9801638b60c641c9fe89b376adbf61be598b7017c784cc602ec8395c2182c,0.0002853870391845703,89
1643860209.211252,node1,ede151488e9edcc2cf70203f9f68b1008b55c34a45b0fc3c8338f9ee82696ee3,0.0003380775451660156,88
1643860209.5186574,node1,7ee1043ce2e6ed60ea59ce0e405d87cdfe51edbf909a5e0f0b63042cecb144d0,0.00033783912658691406,89
1643860209.6012032,node1,9864998629adc614814f7bc71db4fd948cc987756b3a34fb3039759fc6fdfc67,0.00031375885009765625,89
1643860211.6730106,node1,c5e992a4ab3da7db8fe6237a49178828aa9aa900cc9b0b3ef29ba5498f2ab5be,0.0003631114959716797,89
1643860211.723789,node1,6ad4d19bc490b4dd44ce31ab5eef6ad044895a46ce08519d43f99fb277af917f,0.0003075599670410156,88
1643860212.3359513,node1,d86c99e7d116e19b795b74ca47a1c591ef1369e46923e4adb9c94d658a19208a,0.0003466606140136719,89
1643860213.4862719,node1,926295a3a05c6ca5e60745aa21092c8182449cbdad4f0e108ec49a321b0f18e6,0.00039649009704589844,89
1643860214.613834,node1,f987020ef9d1dcb63a704aa34b39c607c205b2fa264a02456e3c632ac73a4b26,0.00039958953857421875,88
1643860214.948941,node1,bdb9aa6e45c560920908531211323f8317ccb4cd624a92c3a5bf303b1a7fa163,0.0003628730773925781,88
1643860215.1263785,node1,f4306e88645db6078dfb737761f8f6f718e93b48677ec991fb46172e99f41a47,0.0002970695495605469,89
1643860215.3587255,node1,c2e04eaf775b18b219a0183602afd0ce61c1ada8e75552ed95e1fb4e13854ccb,0.00029397010803222656,89
1643860215.7803543,node1,817def4683c33cb6fbf34144f5ee118166810ab3a1ba54a3f49dc196606e981f,0.0003077983856201172,89
1643860216.1094155,node1,813948937ba21991005afdabe2de8b340bd35c4ff0e932def0e995a9435e431e,0.00033092498779296875,89
1643860216.9229257,node1,ca6ef1bab19e7bc4fff11088202764298121acf600f716d205e930575188892f,0.0003848075866699219,89
1643860217.399201,node1,10585f872ff29c4c40660e3ae68cb5d9fd30f0aa693591285bc7a8852c76cc09,0.00034880638122558594,88
1643860217.6855576,node1,51ca6c7ff4308b546d03d617ecc4eb4052de8b56fe41446463d4076233203785,0.00038123130798339844,89
1643860217.8142354,node1,ca6c888307cd93bfcbee6f7967aa193eb46e46f11bcf3d76d3da8973b0d30242,0.00035643577575683594,89
1643860217.983006,node1,b69d17ada109741b6c034db4793fe6b286059df927480cc00ab47737e2cd5c7a,0.0003457069396972656,88
1643860218.0632992,node1,eeddd4263b26771666d8040963be6d04e28c2dc10c9fd3eb34700108de9176f8,0.00029540061950683594,89
1643860218.6588972,node1,890de6eb9044d8a4fc6d9febeff403c6b1e721e338bae3d0cc0639e6854687ff,0.000415802001953125,89
1643860218.798927,node1,9a581a59676ab4d54d21888c464c074ea7c2b85d3b19bba428759dfedeb12224,0.0003421306610107422,88
1643860220.1445332,node1,8e0183fb55cae5912c99f34e9ccb9bb92d4b7fb46ad37e48f6c75ac093a10f0f,0.0003311634063720703,89
1643860220.356189,node1,266456bb38f6a33543e86670e06ab21aa827bc4b510534944387e7d77686506c,0.0004208087921142578,88
1643860220.9951515,node1,2a8b1b6fcf771f4a6ccd7417a952f4ed614f10e3fbd270f82204c1a457e317dd,0.00035500526428222656,89
1643860221.7845676,node1,41176f321c7434efe91ceb471295c751afd1d1f270c655a33bc1ed9fe4407dc4,0.0003783702850341797,89
1643860224.5948036,node1,76fabca049f3fe8bbc38bdc344073c9a4b75902dc4793dd1f9e341f7dda0d2de,0.0003020763397216797,89
1643860224.6280565,node1,dcc503a4ba114e061823ec825df5bdd906ad6289068495486a0adade950daef9,0.00028324127197265625,89
1643860225.4617884,node1,1f77768e39ccb8cbc9d8fff52edaf26de906415edfeeba9da8448736c43e6300,0.0003535747528076172,89
1643860225.5110955,node1,00840cfb1ef20024c442753b5a08975cd0103abaf1a1dd1ed4a3479c4fddf81a,0.0003082752227783203,89
1643860226.297279,node1,faa9cb7013c5b3fac7eaeca0b9eda786c84e5c68c8cb81bf01777c23881cd8ff,0.0003311634063720703,88
1643860226.9734013,node1,04307ef52f61e8309948152f4096a4eec89e854a1dae84de5bcfcd65e5bb6621,0.0003364086151123047,89
1643860227.4894876,node1,d39267cb63815ccf0e488ede9ba113981bad1af05547f679b0d2083b07223e2e,0.0003688335418701172,89
1643860227.6471376,node1,8675e36d06c85203dbc922aa1a42d8ec844c0ff48de2f9b9070c7a40a165c65c,0.00032448768615722656,89
1643860227.9846356,node1,2ea5cbf95efda8aed7ac6ca434bf29bef999e7fcc985d7504358130bc4f0a135,0.0003330707550048828,89
1643860228.1316338,node1,ba1a39c20050f0a753d42b6e0082f6fe86016369ea87851aa89c76c2b4c34f30,0.000324249267578125,89
1643860228.3387618,node1,e08cf5137c71fb728309dd242338303ec72d55d0b6aeddd48ba03e7253a6ac5a,0.0003581047058105469,89
1643860228.3445542,node1,5bb62dfad791044662b356d774d55844f5c8d174f4d30b99e73e207729bd305d,0.00019049644470214844,89
1643860228.4845953,node1,be22905d47c8ef250eaba94c2cdb330787c7cc659731deb4d15aa5b332fba414,0.0003578662872314453,89
1643860228.7609568,node1,2b5febb57c6c5c7ecce26f468a145e67cab80b6e8a93d39f4e43a7f73e6b9896,0.00035572052001953125,89
1643860228.912748,node1,e7e1e2cf32ea25fe0576e1699a1b83a9eafb348a0c75d935ddd4b9d86f616573,0.00033020973205566406,88
1643860228.9598093,node1,14aeaee5b7ecc36592ae76265ce84b04608c23a55a9dba5757870f3c60dc2cb6,0.00032329559326171875,89
1643860229.4140303,node1,79e30d8a8234f880f2fd914bdfc9cb3ba04f7eb63d85df396d760d2686da511f,0.0003757476806640625,89
1643860230.7439857,node1,b4e94df8a75e3ffbb2b65abbeab3ee666868ee07e05f6c5724cc63f94831971f,0.0003986358642578125,89
1643860231.1411693,node1,7527dbca6a9e8d0dc2a75ca813916ccba4775148e4c183c1e98b400030573739,0.00038051605224609375,89
1643860231.8987389,node1,af1226a726c345ff30a9162ad032947f7ec81595d43c91d4828701d4b10cbfbb,0.0003819465637207031,89
1643860232.514143,node1,4cccf767dd98c99f1290cb9dd17e25b7b2a3e5cec244ead9d3900982682dac98,0.0002951622009277344,88
1643860232.887261,node1,887ecf5ce300565308d095ae504dbb29d06d9cc13f5de83fc39678df06b8c20b,0.0003879070281982422,88
1643860233.5173037,node1,89e507ed219c16e84e6497de30961de108fd06e4385b87e3161b3c8832246a6c,0.00035500526428222656,89
1643860233.6925805,node1,3abaf547fb52415b88931546b9cd7e51572b1d518ffe52a4e1c6c3163959001e,0.0003657341003417969,89
1643860233.9778938,node1,29cdc4394235685ed6c555e76fada8705fa54c3ad699df7580e67f964ad5304f,0.00036525726318359375,89
1643860234.3150454,node1,03bd72d6e676f6ec02a27b2da7405e31f3b2f7f56d1755fbf2f47acb8e2a3c25,0.0003612041473388672,89
1643860234.336175,node1,9e1ac141afc789e1dfb6a59b7bfc9287b72888b10bc6b62b59add919ddb0ba59,0.00025081634521484375,88
1643860234.3632169,node1,0cbe27800a698e823ce34646e2ddc4ad1ee53a5c54ba2c83aab89b87b600d737,0.0002346038818359375,89
1643860234.6887584,node1,580d3e65d666f30e0f4dde810b07046ddd997db92879b0987e7c6bde2aa5a634,0.0003185272216796875,89
1643860234.7025712,node1,7be858f700d03a9da5a2411d54cfff6161cf15649f00cdcc1e2c7cbf68707125,0.00021147727966308594,89
1643860234.7105875,node1,6add41813cb1e4001e8af28d96c9c9296115a98bb6fc1bc40b3d7c57a31d94ba,0.00011849403381347656,89
1643860235.2475288,node1,ff552203d133132f6984b2bb3d26ecf0f63168ab385eb45321ddd8c5695c7bbd,0.0003705024719238281,89
1643860235.32719,node1,2ced3f05785d514cff77d4fb8e031ebf74559d3bbd72d92b23bcd1c3a21dc0e7,0.0003173351287841797,87
1643860235.7317934,node1,d9c49b886e9fc96f26fbcd7e7e6831347adfa499e2b5326b3e31f90972bf797d,0.0003712177276611328,89
1643860235.9097729,node1,7eb712e70d3731bb4629535f8db0cecdb32a88393bc6e38a1574c78578738f2b,0.0003161430358886719,89
1643860235.948426,node1,34a8eace108a53e2685bd87ac6b40106e6bc94464fa161f618fe27bfeb0bd626,0.0002503395080566406,88
1643860235.9655514,node1,c30df509e24695f06f8353e67e44313938d8c88c7df5aef97b4db8f0f56f7f80,0.00017023086547851562,89
1643860237.088132,node1,366a35816b25b95047a13910e6ae5e08b09e013bf7938b5fdf9eeed2940d8411,0.00029659271240234375,88
1643860240.3213813,node1,68a0742e6137b2180ebfea8b221a69295c1510a10227fa4903fba57924be7361,0.00036525726318359375,89
1643860240.3331888,node1,b89250da436663ba07fd5d1058336046567aafff306766229ad133237e649525,0.00018286705017089844,89
1643860240.4869545,node1,682245dfdf4c11d74d2ffd2c3e74b946467d8c1dbd798f57dbf4314f172dfc68,0.0003631114959716797,89
1643860242.1074336,node1,6a113295d8cc312b54a4172f3433f894c13489d8d780dc9e1bb0caf8ab51c75c,0.0003409385681152344,89
1643860242.2724462,node1,f3bec21c61d88da700b62430a78e912994d720916fd2de191802a1d1e43c27e9,0.00030040740966796875,89
1643860242.349762,node1,1dd6c5160d684e5b969c1d3c70a26e4ce75ce1cf423e86f6b03863d77db95e11,0.00031447410583496094,88
1643860242.7767959,node1,845f290a4ce6f9f79f69870d22b1b6527088c67fc88b1a2ba14417578f8dde81,0.0003218650817871094,89
1643860242.944784,node1,e11fadf81be1316b8b0c6d9161438b747c97349768c3e50451cd55d7aaadf261,0.0003142356872558594,88
1643860243.170372,node1,c3e9753c31b24eb3a3365018d1e575b39aacdaf27c666c7fe10b54154a1faaab,0.0002651214599609375,88
1643860243.5220954,node1,da6517cc0475c56772296e190ed5a53251ff7a2fa17f62b0f2a1bbcfca927ea8,0.00029206275939941406,89
1643860243.8677127,node1,e6d38e714bb2cec3ca2f24e911f52e7fae68db60853d0e0fba99659109bf85b3,0.00031495094299316406,89
1643860244.0957608,node1,a9cfc67f44d70b8b9707d9425209bd3e2a3c257f11a19c6bf6eea21965ad146a,0.0003654956817626953,89
1643860244.7372782,node1,a39405e5b955c5201921395cf822faad7339bc4fb6a8e5a6057793ce24572772,0.0003445148468017578,89
1643860245.4696786,node1,439d122c247a9fa485f9c2904968dcfc441be930986d1bb52c104a9383a29eb7,0.0003330707550048828,89
1643860245.5348306,node1,67eb361d81e950429ca9cd26e00ac24eec392e9a022ded407572736d8d43e0fe,0.00032067298889160156,89
1643860245.7036636,node1,f3ad4894436f552c4a383fc5fd6f7ca7931298f04c0b97add4194428001111cf,0.00031304359436035156,89
1643860246.7197683,node1,dc36248495259c54238c5c1d57e5b832f2c50ac58833149fab60fa7ad63d3bbf,0.00035071372985839844,89
1643860246.959856,node1,dfb8f6ddc1d803e50287d044d6d881438717bc7860408b040a1cfc2cf8676683,0.00035572052001953125,88
1643860246.9629405,node1,5b179bc356a936b759de31c49431ffceb3cf685aef7a6f790cf17584ec553be1,0.00014019012451171875,89
1643860247.3084455,node1,4cfbd24f27b303ff5c82431941c4f3d98ca54a58c68b99ef4ba1fd61133ea4a2,0.00038313865661621094,89
1643860248.6061988,node1,bea5b6577d5b5391ded3840ae6ac337745a3d2dd590503f6c188c91d9f1db87d,0.0003693103790283203,89
1643860248.900112,node1,e03a52ce444bfba5f8a585d2dc2bbcc6f56b8ce3b897b9bb7799111dc8e14f2d,0.00030875205993652344,88
1643860250.245864,node1,c2b6af4b6bbdaebdabb88f399b6fd5e1ade079ab695dadef93026e437c4890e6,0.0003752708435058594,88
1643860250.5680525,node1,1b2a0da1054d0c6dbdee71bc86bcdfe102e3272b5849877d7118e4306fe0bda7,0.0003364086151123047,89
1643860251.9485538,node1,a8493172c1a9e1934956d2876b2389e91175c5dda31113e21e3c30130392a2ef,0.0003387928009033203,89
1643860252.2781734,node1,cb319928e1354f5ea75a77da1600d6d7bb2e528bc21ee0d0aa3a7fa6b61dbbbe,0.00030612945556640625,89
1643860252.28385,node1,8de3f4eaea78b7d058a7596429acd37d43b32874a545a53ea90968b89823c226,0.00013065338134765625,87
1643860252.3424609,node1,bd53cb4727efca21ecfc818f7d841e2bbfbe8f532427c1bc548c0d02d481aac9,0.00023055076599121094,89
1643860252.5195515,node1,1df323e05cd80e02821091e7836a7dded92be80dd07b36ead184b958fdd3c6a7,0.00032258033752441406,89
1643860252.9799516,node1,11ebad916a0afec99bc30701abf42fd36ffdeb973558bdc506028374e143573f,0.0003113746643066406,89
1643860253.077627,node1,986627c9a33c2a48d1a40f6868dec3209fbb9f183ddc8aae11549935ff4ce745,0.0003097057342529297,88
1643860253.33754,node1,a024159de524cd6de46e2444c757a6aac28aa32f2ddf28e80c5440165ffae89d,0.0003285408020019531,87
1643860254.7597265,node1,7b4203a6b2d06e6361b6186491721a60aa30bbf6af191dc16345d64352da594f,0.0003447532653808594,89
1643860254.852493,node1,45756539816712c94ab577953a799d0ed7d60d85fc275698340b50a9985afb36,0.00024199485778808594,88
1643860255.1594708,node1,ef08d01d74dfd628e32d1bd77884bf3d3623f25d8fda79cc17b09b078c0ef972,0.00037288665771484375,89
1643860255.4466712,node1,120f02e8f742bc18d3d92d1dbd3d674bd4d8b161c8cb33ba3267f7a3ddea63c2,0.0003452301025390625,89
1643860255.6914732,node1,15bdf2af167269c9805411f2ceb3178c3985c05f285f70abf8710430e3aee043,0.0003590583801269531,89
1643860255.7827504,node1,0812cdf43a3c6cb2e5fa881f3df9e4f84390c049cf1bfdaba189dac151959ac0,0.0002987384796142578,89
1643860255.969867,node1,e7e8c7a835668b11d20bfc4979954bc84233bfaad155fad4a91b1805ae6f92f3,0.00032639503479003906,88
1643860256.7007143,node1,2017c6ccb304c956895596224bc77b91cfa883bf1e3bf436edebaff849d05a31,0.0003688335418701172,89
1643860257.2218149,node1,24359df2ec41e38a092262ff01e0f129ee0041c445a0ffae2e07190800313111,0.0003800392150878906,89
1643860257.2995434,node1,563a16868fb9d27ccbfc54e56864a7e0276ac0b7b0c526749dd08ba326f3609f,0.00034117698669433594,89
1643860257.486759,node1,d96861649fed6ba7ec7b16c6fcf08d088d5cbbeae6cb6a2f30cfc859203f40fe,0.0003495216369628906,88
1643860259.8958242,node1,309cefeb6289f6adb7fdcf1f96a848f89efe97d5f227132840d70862566b9842,0.0003361701965332031,89
1643860260.6461,node1,9fa8b364d4d63d1afbfd721671fe1c81ba54fc3d277d7a7b842b6bc7c8f5a1f2,0.00035452842712402344,86
1643860260.9533558,node1,3bf64db1650a18244f2eabc2b93f5425550bbbbe596633d8d365dcb1581f6392,0.0003361701965332031,89
1643860262.0602899,node1,ffacea9a93f55b7d09d330028db9fc1ecb34862e4b4c8f1469b811903856d5da,0.0003268718719482422,89
1643860262.599794,node1,be218b0b4528f6bf771b62bf00fca29cec93bdce556527eb63dd2a10762bd150,0.0003590583801269531,88
1643860263.6746233,node1,ae9dbc0b3ac82f50aba719fc1ad34a1f7e78485c5da228fc325cfdfb94b32316,0.0003478527069091797,89
1643860265.934359,node1,c7be46e0e808259492a6b01f8725aafbff2906c0a0b58b6342c8eff7b2cc4adf,0.00036525726318359375,88
1643860266.3439586,node1,b2008da936afff3f45c382121a7f2c0ec51508799e7c9a3f8d565a006203d2b0,0.00036597251892089844,89
1643860266.4615772,node1,e27627a2dd4714a5443051b43b3f5b9b125dbdfacefae8053c8cb127a6136e51,0.00040340423583984375,89
1643860266.9181955,node1,b4066f08c1ff1c90d1789d4e1e660addb941f21306ba1f6015344b13017fd83f,0.00039124488830566406,89
1643860267.956773,node1,2ab34ccf880990993b392f2192b3310202177130a73934579087cd7d2f9b1db2,0.00037097930908203125,88
1643860268.2148187,node1,9e13970875420e5963b49e26d3b788929916be81e10cebfa6e7427fc42280ca3,0.00036025047302246094,89
1643860268.9230444,node1,98e72f5afa792f03bb6679787aee50c73222e7389a1ba8c1a8115e36e6a9db5b,0.0004215240478515625,89
1643860269.7482328,node1,04892fc165761760601cffe06e546143d6cfeb9a64bc7aa0fbfc05d93e354f06,0.0003018379211425781,89
1643860269.89534,node1,dc1aa504c9c8f75a10b8e5424bf06d74114593fdf0057c2584dce30c536b9c20,0.0002989768981933594,87
1643860270.200724,node1,fd57bf94033fa47d7bbd6aeeea951c7d497bc6b239d6b50dce464ca08893633a,0.00035953521728515625,88
1643860270.5705888,node1,0d66de71d571eb71e5e981ef0b8cdc2b000c46869c57715ec15d1f7dd5ca8c1e,0.0003254413604736328,89
1643860271.7523894,node1,aec7095a145e8ac8a5bb32bdef7c7c76502446868aadafb554f4d293cb867fa5,0.0003604888916015625,89
1643860271.9660442,node1,7b2682df2efd5e0df10c2e15cbafbff5dca21d595a09b8af6b69e187f4fe42b1,0.0003147125244140625,89
1643860272.019518,node1,bd9ef29d8b86dac378b79e1fd68f256ea6c24bfb3b779c1346534a1b49bef668,0.0003037452697753906,88
1643860272.3363843,node1,5d8460161b96556870c9ac2bc4657bc54c5b3722375a3fbce45a1135cffc3130,0.0003437995910644531,89
1643860272.5504718,node1,0220046a24ea0af99fc6fb8f3612bc87a5e6f1a42190fbd434ccc7eb96a7ac7a,0.0003490447998046875,89
1643860272.7307382,node1,b2d4860377619b46d1586b76d8e48cf8320ca59e5d0ccbe746cb76b1cc4ea26b,0.0003147125244140625,89
1643860272.8275495,node1,c734ff25e374ffe9b741d1c3285534ccfff1dc036d2fbed7b0418191392f5755,0.0003447532653808594,89
1643860273.0116348,node1,999c9232d6dc49caad8020313ac291c9a3cf5d7937ed1ff5028834ee7780b1ac,0.0003287792205810547,89
1643860274.981747,node1,c23c2777294a0a7a38f4c77e35f7e69ba57f94a783e5710ab796a67a54208d96,0.0003540515899658203,88
1643860275.7917728,node1,b82d0afe63bd21d01f59916dc74ae316b521445f08fb6831de0fe5b318e4043c,0.0004360675811767578,89
1643860276.5411615,node1,744a25fef53df746cfba4f007bd9ac5975f0d953250fb37f68b0084e00a9a6d8,0.0003643035888671875,89
1643860277.0778174,node1,11aacb4a38f1d276cf951ae24e3201ad820994d54364455961c89964a604bb93,0.0003235340118408203,89
1643860277.6287518,node1,58c42fda2e100183aaa323b45d84c6d936afbcc128830498234bec1f15ed14d7,0.00036144256591796875,89
1643860277.8980837,node1,26248000c38af3a2d8581f87d0253fe121096044c7056aedca3b0d53f9af1a7b,0.0003669261932373047,89
1643860278.3305438,node1,8893958c85d731f678a689a5b1e419e0d4d00c9b87cb2dc64aa5edf6c887100e,0.0004105567932128906,89
1643860278.3526623,node1,b025a222914ec2d6d55552e4e4d72689df95f8ab4d873b8e7e9705553e20e8c1,0.00032138824462890625,89
1643860278.381918,node1,68c128c6ea3855ab1ab49073cb0bcca683a304ac10a4748479c409ae29c84d22,0.00027561187744140625,88
1643860278.47148,node1,02ebfb30493b9b6a28d3a3e3ae25472ade19e76e03caffc51c6d419d0d452e1a,0.0003294944763183594,87
1643860278.5674722,node1,07fce9e3872a9b87188466144ad876ba962b1bfcf210af1022e8c74a3ca1e786,0.0003516674041748047,89
1643860281.2558086,node1,3cafe76a7b2085c54d529557de1fea6dd65fe052476a9438308f4998353d330f,0.00038552284240722656,89
1643860281.3092039,node1,2f1650c6d240a6d93b465087f956888e4c8470e24cf98be4fbdc018476958ebf,0.00029659271240234375,89
1643860281.8839345,node1,0df1ab2f692137c5a1a2a812c8ecf20ad89102dbc370c5220435dbd36d891a8a,0.0002677440643310547,89
1643860282.3731973,node1,0fa34635689b2470b7caeaec90c0e443ec88697f252b21fbadc8d0bc3e7e8d0d,0.00032448768615722656,89
1643860282.3874342,node1,0f57b3ff4fb608d1781f7f5b93a91cce5fc56ec6f24a913ead8fe6815a5f1ce4,0.00015997886657714844,89
1643860282.7677143,node1,d15a4649880f00be9d306245245d5650907707baac9b1c7572d5a8bcccabd296,0.0003314018249511719,89
1643860282.9002597,node1,1a8baa19c1040a8767e776ea17438d44df972ff6e21d75219caf9867b673cabb,0.000335693359375,89
1643860283.3084576,node1,5e373414999e1998433264203cf8e80d69cb09c54bee54b762152e90538f8581,0.00032067298889160156,89
1643860283.5558426,node1,99144e57a6c7a1a5d5bd476cc63e0c79448e55f4a28cbc83a1545896b0259880,0.00030040740966796875,89
1643860284.1668324,node1,b14825bde5462dc3e3abdb1c05c51a18ae903149ec814404578c037dafffae5d,0.00037217140197753906,89
1643860285.1228707,node1,88e4a27526b2b0b8a617e9a09ad73d2d2f240b7fdf812608297b436bd58d76fd,0.0003898143768310547,89
1643860285.7329783,node1,23654cc6de86e0db937a26717222ce3c1df347498b4f4b1e28e090e21569ea6e,0.0003256797790527344,89
1643860286.0304883,node1,d23d16fb311d710a187049c7ca709baa506aaaa987684164d160e1d6130bb054,0.0003135204315185547,89
1643860286.1368566,node1,53fe11dfb0933f0db19990a8de8d7d48ea5a7c10bcf5fdd2d2a8c28d8012f668,0.00034356117248535156,89
1643860286.3921354,node1,1a7ae4b413648831f5177334e70f7ac0bc6c6a76502498e5278551910d415ab5,0.0003371238708496094,89
1643860286.4614294,node1,97e358c6b774794f3af140297e57f0f0c27559917141cba3f464ad8521b24499,0.0003638267517089844,89
1643860287.3248174,node1,7a7cee19af79414fd5350825ec3e034efa1844c421c3b910eee9af6a17ce9565,0.00036263465881347656,89
1643860287.930847,node1,40cfed287a5b1a04dd0cccc7b34ce7e364309c130c20f5b28d718de28995dfa1,0.0003674030303955078,88
1643860288.1192844,node1,9fc3ddbdd480f289a19daff8d80d871e846d363d1dfacaef9d2d4f3c285d1c38,0.0003457069396972656,89
1643860288.8873386,node1,5b1fb695105ecd179940f77691161dd3663e1e04de7e9fb43e07af690089adf1,0.0003376007080078125,89
1643860288.991386,node1,c39676a10fcf535af6f014372e4d66544e8ec982745ed86bfe58f5f3db6b9129,0.0003058910369873047,88
1643860289.785015,node1,8c9c1a5a099169dbd2ff6180431f9ce83223027405a996962d613e0df528a343,0.0003571510314941406,88
1643860290.4584951,node1,2be98462195f55f1a99bde61bd0148a2b42f17bf923d0eb13262cf6f0461d7c8,0.0003647804260253906,89
1643860290.4842815,node1,6f45c177df84856574195aa05c20ca75fae9ae09d5c2a5876cc4b6f67c42bbdb,0.00026917457580566406,89
1643860290.5041845,node1,da63b19fc7291fca4d2dbc759daccc8df941bc616a65129ea064d6604fb7db3f,0.00020956993103027344,89
1643860290.5134254,node1,2c13ffdd185eca241ecd7136149779ed09d8e9e389e1fa81b1d1481cd93be08c,0.00012969970703125,89
1643860290.8174095,node1,b60a06b0a0c032d8be1d1d05fae65984733217c2a3ed3057fb47000411eed989,0.0002932548522949219,89
1643860290.8232636,node1,ce18ac71ddf6827041b44f0e33fbd5376f7c948d4a7a47b759683d6230ed5f9e,0.0001819133758544922,89
1643860290.9656746,node1,0223b8abe684488902a40b82ca7d60aa4b25575c51a51c062bb3b64c1c1eaa0e,0.0003695487976074219,89
1643860291.2009566,node1,c8df61dfbed55e074caea640db11156814e48413bc5e77f0605c135b321ceef9,0.000354766845703125,89
1643860291.2726152,node1,0fee09f6765d62f1b8c632581bf50b1c2f4c4223030c37a92b405229c3e91cbd,0.0003085136413574219,89
1643860293.180071,node1,54d5b7f67a99d52172c04cf0225a5aea4c7fc6b837b05c3e85efc5a72f49b179,0.0003437995910644531,88
1643860293.7728336,node1,6d9a84f6739d08a3820435c1985e2cf26bc8adcd8d0bd18a6733f532d13e696d,0.00037980079650878906,89
1643860293.993294,node1,a8e8a7298414e6d949821e44f3584119f19039933bebbbdb4bd9bdf2ce9742da,0.00036025047302246094,88
1643860294.5002186,node1,8e4c606a99a75e0d4189c724356c82ba3e83fe887ac1f11fd42b4a4626b50216,0.00026154518127441406,89
1643860295.196394,node1,d3945eb6cfd18f219f7e3fd08808d0c6909c9c2a5ffa313dc0a08502561cec80,0.0003516674041748047,88
1643860295.8169293,node1,9695dbaeb765c35f24a7a9d98b26fe615f927e91c41f81c9967c05a15517d502,0.0003459453582763672,89
1643860296.6861455,node1,09e604d57741c9467ef7881e779cbf591244f2873242a45a8db1202a54711c1e,0.00031495094299316406,89
1643860296.877631,node1,e0e123c20e9e90f10681d7d88806a05a07e33cee23941e573f87770237d1d2b4,0.00036144256591796875,88
1643860297.386691,node1,7bb34c28dab02cca34a78ac961f896552c9ee14616dd9bb5ce9b2afa48f8154c,0.0003917217254638672,88
1643860299.2356002,node1,06efa3744eb2d005c3dda2accc59f040498b041b032d831a1eb791a6b05aae72,0.0003058910369873047,89
1643860299.2405028,node1,738a9c1bb29031b44353a495cb343c60195cce4f7db1250a9043f210192f849a,0.0001780986785888672,89
1643860299.3945167,node1,023d12ea51fd418a20a15af55ff70f34671d4a99c392d10f8a91d5090b21dcc8,0.0003261566162109375,89
1643860299.41365,node1,bff882be4e885ab85ebde3d4440edb84f857413e14db89c3e37d862f0882200a,0.00027561187744140625,87
1643860299.4179218,node1,cff5614f9cf607700c18d25b4b654440d217234281ace0fe6bca34b609f652cf,0.00017833709716796875,89
1643860300.4412692,node1,4fc8bc6c2def846961ef886e13a2b2680ab718b594a0867abf604b60a101b718,0.00030541419982910156,89
1643860300.5484774,node1,24eb49a9770458c51637c7794f30a56843446988bb866c2019d8420e91d876d1,0.0003376007080078125,89
1643860301.273939,node1,a6407abcd4dbaf9a480f6b6336f928d357da71bccc5d11fd1672bcc7175d1aba,0.0003669261932373047,88
1643860301.843716,node1,8c3843d1e0954b0317d4003c9780a0c0588ea82341059599b025ecaf089231b9,0.0003712177276611328,88
1643860302.1376848,node1,f4e08e188f4eacac5c9b798b6ff1db307d82b8b87beb6203f5bda83f8fa0d1db,0.0003688335418701172,89
1643860302.2250721,node1,ad9997b803ca769b1701ca97d2e09b2999768020e753f644ba1d41c96e54e9b4,0.0003046989440917969,89
1643860302.6754303,node1,95c55bfd2aef6c30c1bf43da44c5d280c9e8e8715251e534f1cf02085839537e,0.0003421306610107422,89
1643860302.983547,node1,eecdfba8451c40ad021e2ff6311ad6a6aa0440342bf9066f93198e8d2901ddc0,0.0003681182861328125,88
1643860303.0811653,node1,f6c859f7cd8ef105e34f5b5433d342c61af47944bce294eb971cf11a5ebff296,0.0002884864807128906,89
1643860303.8926742,node1,1fa2d72ae22b53fecc9b8cb45ddab46f83d5799f347922996f07c0afae741edb,0.0003325939178466797,89
1643860304.2392294,node1,bfc37af10c112a566d862f6421b9f27db77a12e9bc4b61f5af843d957c087769,0.00030922889709472656,89
1643860305.0927594,node1,f5e97da9fd3baa88181e5bf1027fbaa7fca11a10225110693dc1d194f668d3e4,0.0003490447998046875,89
1643860305.2823253,node1,e299370614f1c05461dbbe0aebbb2547a3963ef05e5bd44c234a9dee83d609da,0.0003235340118408203,89
1643860306.1782172,node1,17cce9901f883f9a15928e61f289db2b21c70d1433966caf505fe03e86d6ede8,0.0004849433898925781,89
1643860306.2003193,node1,353a6f7f6211b2da72d97e7361a90c12cb15402164f84996b537cc37f103c4a4,0.0002665519714355469,89
1643860306.4410646,node1,33cef6ec81ec30627657191801056c12f2ab826ebc81ce9a5904d29bbc6e56a6,0.00033545494079589844,89
1643860306.7584593,node1,0f90c793de0f8ef0c4cb74724cf493d29f3f4b2af0258a498b9a06ad87cb7d32,0.0002865791320800781,89
1643860307.5712667,node1,0f1182ca87941190ec8c0f945c41ea8bf3dc275b9745604e84144ee37e27589a,0.0003418922424316406,89
1643860307.7922409,node1,4508f39400da373162ceb2b78dcc51dcdb35264b1750c592fcb0f1d712ba514d,0.0003781318664550781,89
1643860307.8124132,node1,e0841a40ab26fdfd60297ea21bb4d1ed9501eabac7db2234a743b44bca4530f2,0.0002319812774658203,89
1643860308.3812442,node1,5394b18e2adec40bcef37536c2e0ea1732ac0b4aeb5390f2204a12ba0c998928,0.0002989768981933594,89
1643860308.4337575,node1,f06fec646c56cd577d1b55e24ae3946753673cf6bc0bed05aa05c272743d3a5c,0.00028252601623535156,89
1643860308.6168742,node1,d64fe635835a10db55980b91d1a0360e205fd724b133823a4f1ff1fd6784a28a,0.00031280517578125,89
1643860308.6236322,node1,439564933201d1bfa4b7d5a63c7ffd3aff82f640e07dfcab07fe3a816d22b776,0.0002396106719970703,89
1643860308.769202,node1,06610363683bc7385057286682cae3cd05cd203621a013ccc606fd47cf247a02,0.0003294944763183594,88
1643860308.8393493,node1,eadc48923a2fafdfbf41e555d5e2039f94c071d6eda657c2a13b9aad7968f97f,0.00032782554626464844,89
1643860308.986908,node1,ae49c9c431cb9287eba41cd2ee3e3ccec593591b6b53d5768902c96cabe8ef30,0.0003104209899902344,88
1643860309.205521,node1,507a7fbd6f15b62bbae0866ab02cc1294370f10fea637f936b4400d98ec7b24d,0.00031566619873046875,88
1643860309.3117614,node1,df9219a3a94b6084972e06102d375caf431645cd76587def41b4575f9d46c20e,0.00028014183044433594,89
1643860309.3202803,node1,ac0e6186ad9ea085a840bd92e140adf5f5c91ad227c26c1465a1aae16edc25d8,0.00016021728515625,89
1643860309.909216,node1,449d57c2cf0c7b1cdfc702bb077a1813fb85d2bd747e0cc31cfe83662fa6a575,0.0003349781036376953,88
1643860309.9419618,node1,71b73c938983feda4414911dc013c25fac399a07339ee101c5b50732bc5012c1,0.0002853870391845703,89
1643860310.2384357,node1,a2d3326e3e77180b04f0da79d6bd3cd8c4674402dc456e96425bbd5d0bd26c87,0.00039386749267578125,89
1643860310.4576445,node1,63a8f1559bf1c0ec8624cd131c64704c8345b90949a7c633c68ccb03fd70fc51,0.0003554821014404297,89
1643860310.6820388,node1,42683856cdcc62970919f6725d03a29d05563c2abe99798aefdb160c52b1d26e,0.00034117698669433594,89
1643860310.862448,node1,53ce92ef724da95fcac9382cb840f7d46fb08f3c8c3d8707829312d7e5f5ad9e,0.0003142356872558594,88
1643860311.310778,node1,cd11d80c9de31eb6093ab2c744165440c90771ee9f4e662bb5b5b59859552194,0.00039267539978027344,88
1643860311.6530852,node1,c497138e13a4c3c520e20d0a9f1ef3c0caff5bda75b19285a60f6a43fd719774,0.0003216266632080078,89
1643860312.7045257,node1,46ae24690dc3eba8a8c282f5b05d78ec99f0bb9cef1e43d347e063c86bed79fc,0.0003426074981689453,89
1643860313.7811103,node1,75a891cb4e2ab1f8b29db46e1f343fa9deece40060b666528ffc3b9df68f3c56,0.000339508056640625,89
1643860314.2618608,node1,55acaf85974493dd47bcf4417eefce5fcbe406ec36b34dd76f5220bf8aee8a88,0.0003199577331542969,89
1643860314.385847,node1,0176f5736c09381a19c59961860a903ca96ac8603f2630674e4217bf4777659d,0.00032448768615722656,88
1643860314.3930387,node1,a276af2dedcdf37782577cd8f56184a1d8a8b13d77c9c95e7e99c49007f5ebe2,0.0002048015594482422,89
1643860314.4951336,node1,39b0d082519d92daddbacbf73a7eaa375251f0d4d1f0728384ec08bf5c4df265,0.0003256797790527344,89
1643860314.7685595,node1,275728415ee7e1f9fb0a3e8c8266dae81676b1b4b03195f31415fc3d34004e8e,0.00032138824462890625,89
1643860316.3557065,node1,6fd641ed98f150e0e7c8402b5dd9e0358421c089eb63e70ac44662467f232d0a,0.0003211498260498047,89
1643860316.9467504,node1,930ac72b5a1021accdf431780d4e71292fde24c3334a843348bdd8270e7b8bca,0.00035834312438964844,89
1643860317.0953581,node1,2cc9e4be1df52f22153a5d9b34d94142d44e878d11b469c2b6c88e217b16e6b2,0.00035881996154785156,89
1643860317.5163634,node1,581cf910b12fc572eb762829fb6bc6a2a8c4a73a41a9f71f567330aba5c91fb4,0.00038361549377441406,89
1643860317.8802724,node1,bdef3a62b6456bdf88890cd0d290ac5b6dce4faa9bb2cfd09c2e2bbb68bd7ce4,0.0003390312194824219,89
1643860319.6176097,node1,a53c1bd166f6369e438cae9a5a1f7f9f00b50b6b12be4e1d403a18cb72cecaa0,0.0003464221954345703,89
1643860320.222538,node1,d57841d3eba8d7a01d3d73633026377e0112ab01a842a5d50692aba824ce54d8,0.0003254413604736328,88
1643860321.5698655,node1,46f8cfe5687dafbd5518c63f9a75249a4585514d80d3ad2c18d479a52f591327,0.00029349327087402344,89
1643860321.804336,node1,eb0fd84aedded2591e897b51863cd6ad0333f493622ace60e6a161ff7c53ed69,0.00035643577575683594,88
1643860322.2746096,node1,14e10c2f1f7037fea130864999cd9d841900c80b42bd86ed94bcc8f7d558176b,0.0003464221954345703,89
1643860322.6361043,node1,8d92121d7f87703bee3f9dc3317a2ed84fd70cd911b4781c7e1e23d74c5a86f4,0.00040793418884277344,89
1643860322.661127,node1,907d24c97ef09f961d8bbfa758fac527efd1eb9b6d9bb4da84d0f9f1ee877db9,0.00029659271240234375,88
1643860324.0202787,node1,e65aa46c43f23092b6c4bfa9dbcab994b1e2db586fefd4c0b27beb8457b96301,0.0003361701965332031,89
1643860324.051401,node1,9bbb64298a67dd3cfef9a0d102d6ae890e54c74c8d4f4dfad56d1c5b1c7fcdce,0.0002536773681640625,88
1643860324.7579877,node1,9472db359a57144f9f1b29b345ebf6c6deea68fb09385216130127b0353969aa,0.0003590583801269531,89
1643860324.7815795,node1,cf3a419b774e85716ef821ef7a6ee54115d0bfef2c657efd7d322e54a6439032,0.00025582313537597656,89
1643860325.2146015,node1,2d6413be7712a9f03fa886257a5964a712433b90ab27ac19924f267f8a2dd108,0.00040411949157714844,89
1643860325.4693298,node1,aa094da91302d8318c49e56be7c27b9949c7f8ef1c3aceda3082b9343605a4cd,0.000423431396484375,89
1643860325.8923268,node1,6c2ac7aa120d541b11fcdf6a87e765cb4c9d658e0255ec7f95b2fa2ba6b3b19b,0.00036597251892089844,89
1643860326.0726326,node1,9026351bf173d26b7c9f5f4e059ecb435abb59fc682f23d3e412997b3bff5542,0.00037169456481933594,89
1643860326.0740867,node1,dc5cac0e45d1537739ea71da25d7e0bdbbcae7ac241a9e2fd6e85ae3740d2751,0.00016546249389648438,89
1643860326.4359653,node1,204f49ba045a5038ddf4493530238be7b33f95dc5bac4ed951205e9aa3e6cb5d,0.0003933906555175781,89
1643860326.519163,node1,7034add9e690ad6c5dfea612ad4c754d99c6d4e22e2a5f173afd9af17d0c7da5,0.00034308433532714844,88
1643860327.2879348,node1,24a294959721d73b68c923f9d47feb3bae78bfedd5c34f3c35d031e05bb78bac,0.0003771781921386719,89
1643860327.552091,node1,1b6a3852e265dd99d0aee8e84ca2727a199c3abceec8335018ded2e261c2393c,0.00033354759216308594,88
1643860327.8308196,node1,276eb3099e48c31fd8be351d17d6e36e99cb6f69ad630fb44590eb03c0109736,0.0003349781036376953,89
1643860327.863056,node1,3150609108523490cee9f43e6801d7afcffc6dc9a6c0bf422b957a0aca1170dc,0.00026488304138183594,88
1643860327.8720713,node1,b77d4422a983177730d9ede057fa84aa7f656eb07be7bb74bfa414ab24886ec8,0.00019621849060058594,89
1643860327.9743183,node1,54fadbdd8be833c39555abeea87de7d5fbf6750c6c547c1aefceae3561672006,0.0003085136413574219,89
1643860328.3848243,node1,aebd90e239fb75147562219e25d045db6123042dc48551d1cd642ac0e0cac5d8,0.00037741661071777344,89
1643860328.4136162,node1,3f4d7c6ebd79cfdde09b9d0699e183532f2a5c5326d9ba0b290b8ce2f85efbe2,0.000293731689453125,89
1643860329.7128348,node1,ed6494d5df659239d46066343ad1be507cac2632482d9fd3f9377402b47b719e,0.0003478527069091797,89
1643860330.6574154,node1,5a8c5269b737e8afd0697ed3f82351b69dcfc47a5fb8a756f7ed657ce2e877b7,0.000331878662109375,89
1643860331.5076733,node1,ead7cb459b2e5ee8b98002f3e60d6f71744f8a59c305d9ddda9c7fc92bcd5c50,0.00039768218994140625,89
1643860331.917455,node1,c18b87f649515877fb1f54a97c956d1ef6bfbcb17f21be45962128f3ffc4729e,0.0003459453582763672,88
1643860333.1172242,node1,a633dd06c55ef3641410eaa1f4ad2ffc0c4492a3ab26867bfc5a6d793a3625e9,0.00032901763916015625,89
1643860333.7069163,node1,8a72e72385341e0993524bfd4f2057a7637aac571bd69d16fda5d2711d7cf664,0.0003631114959716797,89
1643860334.0578175,node1,23a194617ffb13c7099d290b27563348736324f52a7d62ee8de5fa1992b73953,0.00038313865661621094,89
1643860334.286464,node1,a06696d5276d35ef8ea044810a0eea1b8119472e012cb1943d734f9b2a353a6b,0.0003223419189453125,88
1643860334.3829398,node1,34f688743f57a7fe97710babdb3b61740a5a17dffd92728fddb5f63f7c067734,0.0003418922424316406,89
1643860334.8345017,node1,7fc5146697699b74a81bb412de90f7e60894dbcb27ce593da89d6e3691f66a85,0.0003428459167480469,89
1643860334.9182155,node1,3cd65a73c344fd20bca81ff82451f487c96527f77756522b214574ed6cc52baf,0.0003123283386230469,89
1643860337.459179,node1,9e9ec73bbb8d962a72ff0f7e6f73a66a7dad64a734675d3a8075ae0db9aadbf7,0.0003590583801269531,88
1643860337.9131346,node1,4cbe42c9003fb3af215a28196c8a1fa4bf89590b8f280f0f8ac630f530417721,0.00034308433532714844,89
1643860338.1417644,node1,f443e6f7b54750e82bda97463a116b7f96719d65098df865a18fa2a290fc5ac8,0.0003986358642578125,89
1643860338.6561036,node1,3dd3a4c5d12985bf98e856f495ee0bc486d827cafd39a3875fc602b5ee5adeb0,0.0003540515899658203,89
1643860338.6744468,node1,14d93fb86dad205ad94989df7e4b1ce9f061ca36a1f18655d8f24c002c8037b0,0.00024318695068359375,89
1643860338.8576689,node1,0c3dfe07a85aaf0bc0f407f2f1324bd6f0de66471730150ce8ae22807d4c475e,0.00029540061950683594,89
1643860338.8919737,node1,22d3756a38c531b4c6686ba6e83a7a2e624c9943f057d0ee142976cd6c261203,0.0002338886260986328,89
1643860339.6854296,node1,ac067596ab6f18a245c86383aae39bd176b35b8d2bbb7b7938e38ef316c1f0f0,0.00034737586975097656,89
1643860339.7594094,node1,0ca9bb46504152005dd9a40ddf162a8b3a995e0f09e2eb9d438c92ea62260c52,0.0003333091735839844,89
1643860339.8186193,node1,a3c66eb5005a545f2425141db134f7a09ba72d836332dc7a0167a474069e4133,0.00033283233642578125,89
1643860339.9476001,node1,1216a2fd067bb4d1eeee57394596aa11eb045f0c0d75a56234fca8bb245f9599,0.0003528594970703125,89
1643860340.0028186,node1,293dd47feb17ce93b7ea17b697043d1a0f0baa5595d673862a42baa89c3620a0,0.0002849102020263672,89
1643860340.0386367,node1,cf46f9be5f4a3719dca6427d0981ae1f9473ebf43e4d1dad98137a242376a9b2,0.00025153160095214844,89
1643860340.060989,node1,51ee4dfc273db32e4dd838fdd38707a35f63b6e02555539d072ad0fda37d2aea,0.0002205371856689453,88
1643860340.6537755,node1,46b62df16bea3e2eac66d797b032002414a5afb74d19bc85b725f1c5e2e4f0e7,0.0003590583801269531,89
1643860341.0483618,node1,b0c751246048449ebc170f80a270a99cdfa8c3ff3cc61cf4afa8eba736388b88,0.0003383159637451172,89
1643860341.7517524,node1,1f3923e55a37aaf78fa9eec22fc03fa6ae49cb3371ce092439fa6020d05da8a9,0.0003464221954345703,89
1643860342.6212285,node1,0a0c2ad1fe57a8740efc193b54f3d43380048a6495a79cc6d0136a13d4bd8f6e,0.00037288665771484375,89
1643860343.6470406,node1,df515580926a578ef76cc544988270dd6796fefc4e9b3ca0b315d526eaaad358,0.0003921985626220703,89
1643860344.9293334,node1,c726f70f82e57bd9b87c7b70647e5956b6801920821403b0e7918d179408f4ca,0.00037026405334472656,89
1643860344.9509056,node1,6a9fa8e2f2999440b89d6e77b0766f8ce2675e0c080c5cb7223e7d9395df4da2,0.0002079010009765625,89
1643860345.6739302,node1,37c131fb7b5c129525195ecf0016b10cd93f0f520f5a719042df03d492aade57,0.00038433074951171875,89
1643860347.087442,node1,8e1e8b0cf2668f3b5f8869faa12e0196b0e149d9372b7143710b9a90eb3f5e8f,0.0003600120544433594,88
1643860347.168749,node1,f6ecdb624396eab32642f5f5562a4441c6dabe59d1fa0f575b360f2eee575a3a,0.0003039836883544922,88
1643860347.2642217,node1,94f399cfeff76934b354552e29ab67e0a87bcf5e894da32c58f1c5739cdcee13,0.00028443336486816406,89
1643860347.3618925,node1,858bbab321f03b3fc6d54c0ee3aef2626205c10bbb751ba6a7692ef6424cac26,0.00036907196044921875,89
1643860349.3821027,node1,ee7b4b60785e93e98970aa5d53a8a42d844506c2c2c90dd138fc5670cb4ddf72,0.00038361549377441406,89
1643860349.8642714,node1,72a47c49e40b3dedb11e3c9378dd951fc96d8dc3e056fe15399df3f87405ac6c,0.0003590583801269531,89
1643860349.9754841,node1,6e89b8ded9b87c93a01e1f0090b5871470eb07dd0d7e0b363f08937fc542a062,0.00031304359436035156,89
1643860350.5136542,node1,da2ba427f1c2fd21cc8dd72001d2d81eb48cad745fdb7379155409a37a0d11ce,0.00034880638122558594,89
1643860350.5772932,node1,dc78aa79b61d303e608b7bb1596fcb186f8ad92addd42818f5402f55c8c62f31,0.00028252601623535156,89
1643860350.775462,node1,5107620b7c68d58e3863e33eab90988c4acc28b662115208fc3495e3c4707b08,0.0003275871276855469,88
1643860351.7144666,node1,309df934ced07384882c518dc36a3308f66ce4258dc25b6d02554375b9de484b,0.00037670135498046875,89
1643860352.275057,node1,75df7770401bc0f336013af4098c1e970d9748fc850a77f11816cd78dca2fde0,0.0004184246063232422,88
1643860352.5739565,node1,6f53e7fb113f621d5d63da7d35be68816ea46b3f253dba7bb476bd49fcfb6aa0,0.0003795623779296875,89
1643860352.745268,node1,9dcb81797fcec516ea1f3cc97520a97c33ac26c40c276b5cf748b52fe8a9aac2,0.0003044605255126953,88
1643860353.4755905,node1,b99e56a61c2573cc86b2ce0ad8e77fc8e0de3210bfdb9a3c494ee284b72d6fd3,0.0003542900085449219,89
1643860354.5519478,node1,7d15f22be3667ffbeb6db9d7c1df07b0483624bb184f47fd176d3705fa3539eb,0.0003592967987060547,89
1643860355.241772,node1,d9ef3e824876a22aa79aa64685b0c79185832dfd1b380ba5690010165268e623,0.000331878662109375,88
1643860356.5616767,node1,264c8ff4b87f4906113db327c500469e259b688a4c364b31e132759c6ad15bc0,0.0003597736358642578,89
1643860356.7255685,node1,fb61fda5c0cbba853b95be87f0c1c130d3b93eebe0247522c565c50bf802b56e,0.00032901763916015625,89
1643860357.2502549,node1,5f8e87d606de832193b4c66e5d70c9691a4ba36378b6788531d18583ab7d269d,0.0003380775451660156,89
1643860358.2297184,node1,358b8ea164bfaa2a9b0f967fa803ff62b392f073089b93253f76714908568a63,0.0003058910369873047,89
1643860358.6844337,node1,23eebf2dde3bce728cd978171e300b6fdfa49b19354139314504f1d82789f56d,0.00027108192443847656,89
1643860358.8459463,node1,53b1287cedb446fd1ed22c31d90849e54d0c0a2c2bd2ac4e838cc4e6793de1a0,0.000347137451171875,89
1643860359.1254132,node1,6f8bc43faafaeca75a3fc90c658608b69f38e927e14afa78aae35f55052e92fa,0.0003762245178222656,89
1643860361.771793,node1,97e3b3347866ca5705b5a3b9426f3a9df929c85cb7266e5c052adbbd5a4531e8,0.00036644935607910156,88
1643860362.4742377,node1,8cca7e8caaf92925c131ed090c0d58e8fd23700eaec46e9cc606d43866de2a51,0.0003688335418701172,89
1643860362.5167053,node1,84287bc916c8abd299d63751ad9d899ae7b8871fc86b843b05855be5752832c2,0.0002930164337158203,89
1643860362.7442908,node1,ced42f61db991bc16fac8fa9fc665d15d06eaefa71d134630d6a07a8d481edee,0.00029397010803222656,89
1643860363.8206785,node1,4185770f729fa14318bde085b94f049528d4ab5987512906959a054dc6edfbc4,0.00036334991455078125,89
1643860363.9636164,node1,a5b73728bdd27f14c1a138f9db0c99953b711834c61a900d2ff7d312d180e4dd,0.00034618377685546875,89
1643860364.7187014,node1,502320fffc1ec12834e7fef8d3a5a411f6695cfcb26b3db54e6a10c3c30ba796,0.0002853870391845703,89
1643860365.1816518,node1,0c55707a95bf706ad916f584ca4099f599059d5b8a01f39307481884bf40d1c2,0.00037407875061035156,89
1643860365.2252,node1,830c20062de153a5aeaa09613fa37b1c0a08efb0715867c9029a476b8ae17912,0.0002913475036621094,86
1643860365.319493,node1,146b487f947a5ae8f619c9806b7d99ffc785ef32542682939b96eb0a723a51e9,0.0002932548522949219,88
1643860365.7062433,node1,a23242f8246e0554cf4962e970b8e70666b7abcafebefd43cf95f791edaac237,0.0003364086151123047,89
1643860365.8482263,node1,f72cc758ea3b150a659e989adca41a34d72cd0d5e529f57ac5723ca85b9c0cfb,0.00040602684020996094,89
1643860366.8030815,node1,9d0806be802f7863745ea8442bae7cf510033ac1e1ff3926ea34d7d565b51482,0.0003135204315185547,89
1643860367.1962764,node1,224134b22f7619145e4aac208901a59805403a9ced27430163774009ca72ffde,0.0003113746643066406,89
1643860367.9250576,node1,935a5334180fdda1d0c1dfdabf7fe0ce20ecce70570afeabe1c603d7a9a91df1,0.00033092498779296875,89
1643860368.4443011,node1,fbc634e3eef23e29b9c5c63e5c52bb7d74b9388cb3335a595f67c5866760c417,0.0003650188446044922,89
1643860368.445881,node1,12665f31bec7e76d1bb38d5ce7efdb382c56960ef51bef743d1d02c54a613f2a,0.00012636184692382812,88
1643860368.7433417,node1,a415f4ded90e6cdf9612c59e38945e460b63e6412fd0407c88749c47214fd048,0.00028705596923828125,89
1643860369.1130795,node1,5e71b132f4f202de5de1f8e3bf86c25589bb20a086e3f4daf75ba6cf4035c712,0.00033926963806152344,89
1643860369.2705603,node1,59bec0bba06fa7c196ff35da3944b6cb65ddebf041cd8f3dd2cb68f508aba3ad,0.0003275871276855469,89
1643860369.8072028,node1,e2b0e122c2ff5bade9dade3d6dcfbc6991dc9dc9c71886159b028caacab97905,0.0003402233123779297,89
1643860369.8824072,node1,12817f01ac9c7a9ab1df12e7c2b3f58018b2cad15862fa333c2bc41f57dc60c1,0.0002720355987548828,89
1643860369.948917,node1,75107eb824067a860b82729a531d8ec1ae108f10ea713fd77e580425e6029c7d,0.0003147125244140625,88
1643860370.236163,node1,7e58d0ee5e22995527d2ab4b5dd75d973279e6cf4694d9c30dcfba1cb928c5e0,0.00037360191345214844,88
1643860370.930765,node1,86403ccbf1fd8e41a30f7c2b64d3e8f99f27324f31b113121c7ef83466834200,0.0003902912139892578,88
1643860371.3777587,node1,a9159abc3b5628ce8c249e07cd9315e667ee080ef0133ec28e7856abe2de9ce3,0.0003826618194580078,89
1643860371.5855865,node1,a7c3bc9b538d38b2e8e08e8dfcac9dcf2fdbb23a6631b693d39dde58575ea999,0.00036406517028808594,89
1643860371.811877,node1,1253ecbb44e50b7d1b77495677de55b6442eb6b405b281d0409bfb665db265f4,0.0003707408905029297,88
1643860372.1005197,node1,92090acaeaa2b3e1c99cf2d9d67e61481254bd93e02eb52bc9118a0678c5f2ef,0.0003333091735839844,89
1643860373.0297382,node1,36ec37c3388311ecbf5fd70cc72084cc0d002484826cdd0735e58557a7e8c3d6,0.0003180503845214844,89
1643860373.133926,node1,5e5b31447867fa607a1fdefe9eff2f546d035f0824a11687903db8f9bbd296a1,0.0003685951232910156,88
1643860373.368981,node1,14342d9b14dd01247e3c4e1fb3b67ff49fe569cdecdeff1debadc7639b5287cd,0.0003790855407714844,88
1643860373.9040916,node1,205d667f0e9ce37427381fda0c262f6e511f70bb1099e56746412988f6e30dc5,0.0003292560577392578,89
1643860374.1567562,node1,4e51996bbafd69487cc2007e335e385d8e9313a2ffd3f8022ccfed3a1068ef66,0.0003559589385986328,89
1643860374.3081617,node1,a8e3d124deedd616a754896f28228a698fbb1cabcf37c56394493ef202f3cdfd,0.0003070831298828125,89
1643860374.459819,node1,5340547c9837255babc39b5cad3dc21585efdc4ac23bbdf5ab71a985a1c8164e,0.00031280517578125,88
1643860376.0102675,node1,f19b08a430d86cb843c8858e6e3adf85f3fa339bb6994d7f1dade330ec0f85e4,0.0003209114074707031,89
1643860376.3255444,node1,31d48b3f5c33f5c5283997ae6c7b8fd0eb44dd3c81e4b05854069299323f6ab3,0.0003101825714111328,89
1643860376.6222136,node1,527c16ee0ed0b29a59b8b313587ba606605bd45d54074db3db0410c769ec82f0,0.00029158592224121094,89
1643860376.81768,node1,e25f93df940ce81760ea2f5c2dca1f9832c1c5133e5912034ebcc4435b5b117b,0.0003159046173095703,87
1643860377.0919478,node1,1a039a64e187bedde38b659fa982dc0a6155aa299aa63c9dac79cdbe2b418763,0.0003292560577392578,89
1643860377.350887,node1,afd704999c1f39b14b983caeb5d4673949f5aca1c86db42f9474d59d4ec21d23,0.0003521442413330078,88
1643860377.9399006,node1,acda0a9f95b913dd1ee5d528c8fdd101a71624df9d05d685983434273eea764e,0.00029206275939941406,89
1643860378.174039,node1,f10b978bc446bcbe92b38f74fd311740e993175c1c3680529c66978c9adfaaaa,0.00035119056701660156,88
1643860378.6174824,node1,36b6bdba9cd69989277c499b32a16312dcaff637f4875e4bd5c4e9ec5442a18d,0.0003390312194824219,89
1643860379.3422112,node1,a09259b5cde37b3cdfc561ec300da15216503c786d1e6c93a133e492e8602995,0.0003490447998046875,89
1643860379.5419128,node1,022a3c0e425822dfc1b4a1f100fff1870e8561d85dec7aca4b4c2d48eadaa9fa,0.00032901763916015625,89
1643860379.6947834,node1,8788d229a054695526e3f8cd6ab5fefa9af3f20109aaca39374c207b39e30aa4,0.00034165382385253906,89
1643860380.5684013,node1,e3ce5b00fa2beeb0636cc9d69c465163575f0a08e0fe0e47ef16060e0f600e42,0.0003662109375,89
1643860381.8738565,node1,b5a50f0fc94fbca900244c747b5323248a0d10d222bde6723fed9cbddcc3a3ff,0.0003705024719238281,89
1643860381.9176645,node1,e0e93d7b9a740954a28023b85dc666225c12a96ab4d4be438b4aa94789e3c0f9,0.0003139972686767578,89
1643860382.7827475,node1,79c3ee2312fe0e895f99b347c1daeafd5f78a12aa88f4b4ea36d6c30eeeff3ee,0.00035858154296875,89
1643860382.813306,node1,37aa8418cdc4438f34fe4780af27bac278397e1bee76eb33996eeb460a7ef3ef,0.0002181529998779297,88
1643860383.4077814,node1,cbe939a0b1f073c6d0b9ea4526b8c63bf8a85194da6ca06568448f39af9da3ce,0.0003643035888671875,89
1643860383.93224,node1,ed89fc4a2b6de0341a0a590070b9317f8e9f6fdc16cd0a6ae1aae063ac533c36,0.00027370452880859375,87
1643860384.9487562,node1,b60c0050fc8417c07c1368fd63ce149b3213346bdc261f99e43c056cd9a2d309,0.00039458274841308594,89
1643860384.9758198,node1,38317807db7521871d7cd826ad2525b27597de62c6d6a8d9b95e137bd1bdc38e,0.00027823448181152344,89
1643860385.0464542,node1,193ec57679781d9c95f5e05eb076ac11cb57093f40cdfb3d164d28c76df81e14,0.0003223419189453125,89
1643860385.273414,node1,18e867576ececf5abda36f1335a2ab86f5edb01a06882d30d0fc4ecebe6cda2c,0.0002868175506591797,88
1643860387.7830946,node1,c5a35cf4822c74992c6a54f8dc8a14a3cb2b122df3669054498c751468b9fcc1,0.0003402233123779297,89
1643860388.5408008,node1,8b982d9a5e1107761d92d3715e815df0e74455aba4eef692778594b7a3ff8da7,0.00032830238342285156,89
1643860388.6710806,node1,b33e7860421ec78cdcadcc99d50685dd4ac0c417cac4dd5b3a5510ea9d3a346e,0.0003383159637451172,89
1643860388.7394526,node1,7c4f49a07155e630542b648bff8a1f5b9bd550d5626e7861ef7a36a4467e90c1,0.00029754638671875,89
1643860389.8422523,node1,6c1726e8fc7771cd71fe6b37b96d2a6a744b9e916a6382c1572d58507390d09f,0.0003247261047363281,89
1643860389.8815515,node1,60b9e2b20fe10b970f7131a0f08f17ff00c3f86a03c421995e78772823422c4f,0.00027942657470703125,89
1643860390.841181,node1,b63a9b9265b316712f6a28ea80aef3ed165daee9ea194010b33af4898384dce1,0.00031757354736328125,88
1643860391.6921968,node1,c1ebf064cc9bfa448956d89ffee0e0aae0d4c988ed41f3f25c65b21e6915a863,0.00031638145446777344,89
1643860392.0576396,node1,6183b6db57134e50bd1ad67cdac0bb6a756d28158d83794af86d1afbf7dae6ee,0.0003619194030761719,89
1643860392.5980093,node1,1aa143007168a6587cf78835d5c18681f0cf2a86b58512e339df91df7baa56f6,0.0003948211669921875,89
1643860393.1757092,node1,42310fb6f3599d80f4a1103240ec1d2f1a0f52069ecbce8810b14dda11a83e19,0.0003838539123535156,89
1643860393.284779,node1,174d191c0b0333e7b62f8b323fbf9b02315c87763b87ac0bb87b9c392a13e568,0.00035309791564941406,88
1643860393.3148499,node1,cf2362d93060e42f8da2c2741b5451e117be30af6a0506fc4636a57ea9dd385d,0.00028443336486816406,89
1643860393.5889246,node1,e297b1bd154e3346242ccac11ba4344b1d0701c318acdadfa2172c0d83d39ebd,0.0003376007080078125,89
1643860393.6907122,node1,e0f2c6f2a38d4b3d94322cee9cd7075bcd1abdfb7e40a6e75f85469ea955dce2,0.0003287792205810547,89
1643860394.791793,node1,5a9c758bd7ba406b81cd6e7946d69c3a8e96de9fc7dc78392563fc1f7be169d2,0.0003674030303955078,88
1643860395.722329,node1,1af7d55cbf1afae69d04e6f0773a4466ae4c3d68811e588616f2e31f85ab8b55,0.0003666877746582031,88
1643860396.2807763,node1,d6e33738b85e2e8f776a107b0065b9edb0959fd66e83a90942fcd6ffd293d9fd,0.0003631114959716797,89
1643860398.0565581,node1,10ae9dff577332cdc7ca04aae59b8d49c2e42dda5b852500cbc1151be8f8b01d,0.0003685951232910156,89
1643860399.5228164,node1,ecfac4545db34be1d493cb5f1467fc1bc09ce548a9c130ba6a77d4274d27cb93,0.0002837181091308594,89
1643860400.2441568,node1,df678ae30c4becda827ef5cd02ab3d09a2a08ca2274322a9c32f4db54cb0a8c0,0.0004324913024902344,89
1643860400.4504337,node1,510ffae9738a22e951ed1d0b7618dbc0bacd9ce1bef280cb210502cfb5bedb92,0.00037860870361328125,89
1643860400.5504668,node1,d805fc1cb8be19aed254c31953f48fb7a42c9bc23ad57162e1f785eae977f6c2,0.00027823448181152344,89
1643860400.773907,node1,273cdbd9ebd90a3aa61192e5867e2ac23f083bd168bb1596fc57a47094ca4701,0.00037360191345214844,88
1643860400.7885618,node1,708ecbe590cf918562494c70ed153ade1de9810f4835b28286d45f42dc20c751,0.00022220611572265625,89
1643860401.0051734,node1,11685f4c608e5d877749156197cc39f4714448ed1442c0a9f27100710e9583ce,0.0005388259887695312,89
1643860401.579568,node1,cc1d262e86bc0a24c00fcc3c48f52a2ce504edba18bdb4fa69dec0294f41b490,0.0003428459167480469,88
1643860401.9145415,node1,f36c3cf386b7c66954294a4b2374d10c0bd23a47f0965a2c4c357deef86b79e8,0.000396728515625,89
1643860402.2230666,node1,d2d5c79b4c9711d98337bb3afc1a4bfa8c415a321077ac573b25d6eb0913972d,0.00034546852111816406,89
1643860403.2163365,node1,2ccc314952422c9b9c701d6c8efe61af2854ca5f9fb1f1c16b9dea8b814bce84,0.00036787986755371094,89
1643860403.2278774,node1,782a574b73b39b5c4e4551c1d4f12e6f187b5f807854a439f1fccf0501abc889,0.0001938343048095703,89
1643860403.3794847,node1,72b16fac59b5fcb8e6a1bcac5122963b9bc0b54e35f8d128a3bed2d501c6eff2,0.00031495094299316406,89
1643860403.8107202,node1,4a10658ec8590c743c27b8fba59c5e39b6bf8049711813ffad5cbdbd176302bc,0.0003535747528076172,89
1643860404.226655,node1,0b13043a91b1a14db7a9345eb031edf1346b748a094974b876ba6cebb82c3044,0.0003731250762939453,88
1643860404.825598,node1,0a5d2f7236720c45a1505c7fdcc90f603177ce3fe50268fe754661502c460101,0.00032806396484375,88
1643860404.882567,node1,8166512b50c46a89c30a068e4054f13bbe709c09904aed03d2913bb244f6bd87,0.0003361701965332031,88
1643860405.955298,node1,8ac6a092b0d87e0227516051d33f1f611484ccaed04e77df0a3d4fbbf04310dc,0.0003464221954345703,88
1643860406.2922356,node1,1edc9836ee94130167b463bc00ebb2dae4a7b45793d7656be507ba508eeb7f26,0.00036525726318359375,89
1643860406.591303,node1,0894e0ef3d951bb227b3a1b1fb4ee76f59d3ffb515169fb69c8ea798d691e013,0.00037169456481933594,88
1643860407.0254688,node1,6fe8365738aa34ff8b3486e98d17feef80ead2e31a66dffc7ded42a2aeb220f5,0.0003600120544433594,89
1643860407.6540883,node1,e239097bb216307a72c73554931644508eb108072fdef75ff06c22c1a7a5ddfd,0.00035381317138671875,89
1643860407.6843972,node1,d9179507acd6bf2bf16e468a681007de54e5ec24d33eace8ee490956e73af65b,0.00024628639221191406,89
1643860407.7878504,node1,24a32fba0e9fa64de3c635bfc45cb2ac27f0ce19ba7b33b6353ab2c505e1e122,0.0003571510314941406,89
1643860407.8750691,node1,a4781fb284bca5c253d5da376b977c9002336a0563db9d730de37730bdb47fea,0.0003330707550048828,89
1643860408.3769767,node1,cb65bfbfdf9e2c7de703917b5b02ff9eae9be8cbe2adf4c1142345b896f9ceb9,0.00032448768615722656,89
1643860408.8397071,node1,92d7e1451b37ac5d7e324521616899d3db41265fb54f53b5192973f5d9895a98,0.00033664703369140625,89
1643860410.3832312,node1,1e968727af4258972ebea36385971ea78fbf76cba03f0a458c475e874ccca814,0.0002865791320800781,89
1643860411.5927095,node1,1a1033efcc3409d5d7252f89954bc918b9e658a83764360d034238f8534bf61f,0.0003440380096435547,89
1643860412.0841794,node1,d951c0f73ad33e806b850ee65d81a560aa2844af5410f4cc94a512243605b333,0.0003554821014404297,89
1643860412.3923001,node1,26a52e4d7e7ac1fb5f31946a50dd1fec9a694d9abb993922385114f0b7385f5d,0.0003261566162109375,89
1643860412.7898152,node1,711277e79257da25f4b8a5a59808eae3c62e3ea50a450eace9761dc84a8a28eb,0.000347137451171875,89
1643860413.4639845,node1,b8e9ca7605dc6c65253ba8b9263e1b749da57db187d925cfe411f2178c7b28bf,0.00034737586975097656,89
1643860414.4937942,node1,1a13704e78885bf91e1beba27eb8bd59b35649692ed0da2bf5a58a6323e79b0c,0.00033593177795410156,89
1643860414.5328243,node1,4c928a61fe3717dd2b6cee64f647ed43d308308edd1140b766958c6f37afb897,0.0003261566162109375,89
1643860415.9277933,node1,e2f41917b60b22ae62245be7e00eea4a9af5f3c9f4f1e546907cbfaf4631a6a6,0.000400543212890625,89
1643860416.0210216,node1,5934d72a70d239a845bddd5a961bdfdb5504a3e4b8684b7c07f2e2e83d73f89d,0.00030994415283203125,89
1643860416.028893,node1,da6e266c7a568bcb61684e53d3d4919e8d61a5c91a1f55e28bb6ef3704cb0280,0.00019860267639160156,88
1643860416.4986572,node1,3c1d4e0180564eae913ccad3c602f54ae7ce6832fe131262b4d85cab9b5344ef,0.00034689903259277344,89
1643860416.5464585,node1,441512c465e22c4cc6b3067d6966eee82c8e4e27cf632cd43f5ac85d154d4261,0.00027680397033691406,89
1643860416.7334898,node1,57f368c97b61e03a3d4a66832931b5f6ea7a112d46736f3f4ab71a0e5c6b4c7e,0.00034546852111816406,89
1643860417.2498524,node1,73bcbc0682f1816939ecb47ec73bf6ab6f160751aa247b7bb24fb6c2aab801ba,0.000354766845703125,89
1643860418.0721624,node1,8d1b89259a667c7e7dc6fe96a32d29f85ec0417691e15b62770a2a5f8ba4a596,0.0003504753112792969,89
1643860418.099179,node1,5ba9b25a094426a80db32103e51b28dc37c2266abd66a064505fd1d31b24fc42,0.00026345252990722656,88
1643860418.5506923,node1,7bf8150e3b8b13e3b0aae467cba51dbf7d10ec29c9241ca77ab29a6cca69d4db,0.0003750324249267578,89
1643860418.6506119,node1,70b8a2fcfb85e4b784b548d46ce48bbb0b48684a8350d9f8badbd6a247a632bb,0.000335693359375,89
1643860420.0565095,node1,cb3e28a1b46c9833d9699281f505b93b1af86e57b971513e254c61fa79a1b7ce,0.0003311634063720703,89
1643860420.9862626,node1,0a43b10fd951c6c902cccd5ef148eba4b69b7dccf849cdc62e0a64354d867d1d,0.000347137451171875,89
1643860421.2004616,node1,ba686752615679537c3401f78b42db4f674ae4c3b6a3a47ebbeb173a049c319c,0.0003714561462402344,89
1643860421.5539043,node1,418d78fb79bdca143258456107734280de3198df6aeeba7248762882c13d278b,0.0003864765167236328,89
1643860421.8638194,node1,5ba940028430da434d03cbe9c70c19a5d8baa91699d79f4580d18a9952834bde,0.00030732154846191406,89
1643860421.8752258,node1,04c26b8261b3538ae997f0fb127b64f6a0e5b6cb684c143a0dd2b59538f7e39e,0.00020313262939453125,89
1643860423.204822,node1,7e0b8e9af4af40f4f61494f9b1225cb0b61f1567737e27ef953646e64aacd2f7,0.00033593177795410156,88
1643860423.2134986,node1,cdd2132c6840507c2e434f86fbe5f7bab79e55d75d3408c7a0de831c58005a85,0.0001773834228515625,89
1643860423.725992,node1,30bbc4dab11470730238acfc67284fab381acbba2d23dbe43ebb0b23f2f8d438,0.0003185272216796875,88
1643860424.4313755,node1,2c695c75971ed507f0bb39b60131c6d9d0df4166cc9138cc0f48938e6ed02156,0.00030875205993652344,89
1643860424.9719856,node1,b9806d2299cede89171769900cbdaf23ee92d0782f7d8e063a0580f6eb466127,0.0003609657287597656,89
1643860425.0699925,node1,68b20750da4917c7ead3083895828840ffc732fee83396de8d905689a1287f9b,0.0003077983856201172,89
1643860426.7111127,node1,0facc96cc84f465726750cd5b0664c1d0fa9eec2b5b86e1a18c9d8a6b8c3089c,0.0004391670227050781,89
1643860426.9702415,node1,9d4f7f2010d7ebde8e17ea9abed6d26e11313e07d5f1446b25d02b081e321651,0.00036835670471191406,89
1643860427.089326,node1,922cc9fc984204a638fdf5dc0172b556908a1471b9ee967aebe2b8999642cd68,0.0003273487091064453,88
1643860427.234105,node1,5f283ed10047d10f37b3ee0010bf09d8abb6807637dedffb7f66b3177eec0366,0.00036597251892089844,88
1643860428.1208875,node1,dff6878f6cc90203ceaaa31056ae593f72eb3c8b6c7b8c5adf1881bc0ab33014,0.0002951622009277344,89
1643860428.7609541,node1,cd64b5166187b76faac61deafa9644a9ff5622b4c56d6f7560841969520fab7a,0.00035119056701660156,89
1643860428.803899,node1,f3eb0445ebf8c88af0790874705098ee8fd332fccc066a7670c2a4b10718c885,0.00030040740966796875,88
1643860428.8182907,node1,14526008a41eca5bc81b6af5de77f284217138486bc95e1c87f0a24a0ad26b38,0.18661069869995117,89
1643860429.2541184,node1,7ea7295613ea1cfeb9eaab01a0bf5f46e9b8d5db660029079d3e6bea1292cdaa,0.0003402233123779297,89
1643860429.6118832,node1,68d3d5b22e748933685a11981b4d41f05d3b07eea7e7c6d5bcfc244e3de3b0bc,0.00031495094299316406,89
1643860429.9177125,node1,83d8d63e4f185cb8ee065089ce88b95dd91b5e6f9aed33e9bc937a4586ea9ebb,0.00031185150146484375,89
1643860430.211357,node1,129ac708144822a619ea7c06f7b6cfef10ae15666be9875c1016d1a736687c44,0.00028252601623535156,88
1643860430.2585702,node1,be8473400d8962aa4df34c7d7e6ccb87b5278b8cd0794e70fc6408e551661b60,0.0002944469451904297,89
1643860430.266688,node1,eb78ca339c46161b3da8463376408c9edc28e990a47624c64ae4645d8056b9af,0.00014734268188476562,88
1643860430.2951987,node1,d7bbd0ab6db7c0d72bb38088eaa06670c6bf05350365f1bdfff68b016fe029ab,0.0001590251922607422,89
1643860430.3441336,node1,1f90f1034fa9acabdd779edd9f9478eb102f7966694eb0721718fbd5d1b48d55,0.00019979476928710938,89
1643860430.403895,node1,9965be7351b1f24b3b6d410c02d9e84d1baa314e956f70938d54ab3d2ef0a18c,0.0002703666687011719,88
1643860431.8634326,node1,5790fa4fcf0f3e6088561a4dc7d52239cdb77cbf84df460adf957b71be237143,0.0003795623779296875,89
1643860432.1516337,node1,d878ae3bbb86b238548cf549c54f5b589fc9626633cf413225328db45bf89c09,0.0003952980041503906,89
1643860432.1544638,node1,508f4dfc776b3f49e431f65d50e85d537213b6977b841c8b194fa7e36be8f5b7,0.000125885009765625,89
1643860432.6969368,node1,870952e0d7adcbf7806ce4888b7e00cc39b6ae6389c8c2ec19a432a95e2c4896,0.0003771781921386719,89
1643860434.0143044,node1,d1c7af450e1fdcf65d033ba5e06a31ece6ecc03af1f84213b6874d2392752b03,0.00032901763916015625,89
1643860434.0612557,node1,8eb78e92e798ca95605cfbb65d2c099d2fc96a7ec2786406da93312032062463,0.0003409385681152344,89
1643860434.110239,node1,55cfe80535142ccd897b975abbde548c5ac5251ec30868a62ec11595bea53d88,0.0002758502960205078,88
1643860434.4433837,node1,dd9564647f9e5ba864c8b66fe34d67ac40b5a830e7c5efdde8ae7ae04d59c43e,0.00033473968505859375,89
1643860434.4514184,node1,8b7d1357d9da5092b86d6cf42e08425164e0fc81467a3421ac5185bf778defe4,0.0002617835998535156,89
1643860434.5144372,node1,f8dbe1757f8bdfebd1dd0b7de87d03f29f2123bc8933523197f37c2c4deb5fb3,0.00032329559326171875,89
1643860434.6377523,node1,4a51ce72a740cd735228fad47f5eb3747a1ef20eb304a36c9d99c34c6a9508ff,0.00033092498779296875,89
1643860434.7545571,node1,322bcc6722274efca099254bc98da841a65d6dd921811ec73c74785815872038,0.00036978721618652344,89
1643860434.7959642,node1,0840a85a625978d6208c20e066386a8c9b8987aecd158f8ab454843b7045206c,0.00029540061950683594,89
1643860435.014346,node1,dde64320defe523ba6fc97458d65d44550b95bdfb44780ebf08e6ea9ee7df80d,0.0003521442413330078,88
1643860435.051376,node1,df7bf4fb480b61aa622293bc59e62d45de3996a35a92131b95b9fabfb2ba228c,0.00028824806213378906,88
1643860435.2248309,node1,0cc09d253f7ff6af1dcaf169117b7b148263da64691ab5f67cab7d5003359739,0.00034999847412109375,89
1643860435.654145,node1,c3f500da6f73e532b56e868be19b9748ec701f0a001962127a6ac98b495086a7,0.0003445148468017578,88
1643860436.9368293,node1,627412dce1d45dfa4267396d9a98e2d7275fef9696a2eeea36f3160ac401ef38,0.0003376007080078125,89
1643860437.3442388,node1,1432bb2a6bbd979fa1a420ea4b30bf04d14c5f65fe5c706a7da5b7e10bd514c1,0.0003876686096191406,89
1643860439.0644886,node1,b0439d81b1abed05e53e0537caca366a0564e53f9c1248771aeaf6fac4cbe8e1,0.00033664703369140625,89
1643860439.2593007,node1,dc294a6fda7eef7abed8084e0b737b9f172b073cc723f41f0ca40405969eead5,0.00033473968505859375,89
1643860439.874216,node1,5c082405dbc4a66a97caacfde0a489803e439198a8ac7893eea3bd1aaf4ab3ff,0.00035381317138671875,88
1643860440.27505,node1,3e651b762110297ef9a956c284065850d184739505b0845b667852d283511519,0.00034427642822265625,87
1643860440.326351,node1,533d99c2cf079c8fb7607f85180fe04de5a4397227a9a13c62ab02b559f22002,0.0002143383026123047,88
1643860440.9239886,node1,ef9476e36b5625d83c5501c01a8404ccb44b6ce7929967dc7bc6ec9e33213353,0.0003592967987060547,89
1643860440.9455512,node1,c907b005d0d0865775d0134a4e3aada79df6ecf06feb8b17d351abd92d1e432c,0.0002682209014892578,89
1643860441.1228127,node1,43ea4a2c805ca52911a80e77d50d9ef77de61d2dcd72d537a6a73c2422c16b4f,0.00032639503479003906,89
1643860441.819394,node1,b6b20f2d2a789a3cd4182cf29dca3486e3b66fdc566ebc86b9afaec3f3a11d83,0.00035691261291503906,88
1643860442.7930453,node1,9f3683e7afc03b8babfe1bc1d28f4cccdbbe3be632a597247cdcf57ec7e2df17,0.0003643035888671875,89
1643860443.4679136,node1,eb34a27a0537933ee320b98f5ddeb50d88ffa201b3b48c620f5d5ecc5719da50,0.00035119056701660156,89
1643860443.8660583,node1,4a02228e16a2deec9478b9b18125beb9e7e007bd11f58568725bf5b81d552ef4,0.0002956390380859375,89
1643860444.424803,node1,3219a9f549dcc11a3be420d0942ed87742b8c804ae3c1de5362523dcf83aca58,0.0003895759582519531,88
1643860444.6778915,node1,1ce2a921b589e35bdf1b8704130275d40ee2a8f478e0be5458ae88cf737f3a24,0.0003256797790527344,89
1643860444.8429396,node1,9bf257fd95cc03d4b967dbc76e77353decf5cd052ff0917e49ce5de247605f31,0.00033283233642578125,89
1643860446.1687148,node1,d9ae8d807add5b7b498b40e3f4d3100d0d2b3e8d7d910127aa07fb8250872dc1,0.00036787986755371094,89
1643860446.9509232,node1,40ba944524d56b39d97c2d9f8f9916c4964f808740d334a6ed78f9333605d945,0.00035309791564941406,89
1643860446.9865975,node1,97ff35767d5a9670ac60327d7d061cbf0848880131c765646fd11fa07bfb1ef0,0.0002961158752441406,89
1643860447.417283,node1,332bd211a66d94d9c1111189a15571d8b71979fd1e4fb29bee55fa92c0aab8d9,0.0003879070281982422,88
1643860447.5623002,node1,dc44e6ad69fad68ecf6dd3ac3d6763a8c0ae98b33fd2cafce83fb5d321f9965b,0.00035834312438964844,89
1643860447.8439064,node1,11e8b601743760eb2d99c58cf9614fd79aae505cdf723db29c30cdc852593cf4,0.0003592967987060547,89
1643860447.8920138,node1,64ebed8d511ee9d86507e3348418fbd189c98a8ff49000f19ea50d70c8e40764,0.0002620220184326172,89
1643860447.8958313,node1,e47c7a2f3379bdcfeb16fbb8ce8e18411e76d13eba20c90595adb46916a6e044,0.00010943412780761719,89
1643860448.3923702,node1,5366362d273fb70a6689f2e4d8290e760d6ddd3d4079e20e9b7e251746c2d189,0.00034356117248535156,89
1643860448.4663296,node1,e72112fdc3e43cd9e8d72b2e8ef07f627236c2986ea6f54c7b0c80a0923323da,0.000293731689453125,89
1643860448.4917562,node1,97af981c42801d27255b9d94b49407d1ab2678b0702b87d7bb31bdfe64e1bfca,0.00024962425231933594,89
1643860448.7299457,node1,4672ea3217e969c02da79ac965a1243aa15b261bc8617a5318aa2422eecf8506,0.00040030479431152344,89
1643860449.5163555,node1,ade18bcea042674e8db314f42c800b19ec8b2f569ce7ef7e10662b80d5fe9b9b,0.000396728515625,89
1643860450.1075056,node1,6dd70d183efbbd7f64b93c6244db09ce6c678da8b2375222526962b8e933b829,0.00027942657470703125,89
1643860450.3894262,node1,9c8c2c38980a9a1b0e516d47acf19aa46b3beec893895c9776994524aaef9631,0.00034117698669433594,89
1643860451.1333716,node1,76a43af49ca0e4781c5a1b398a31902d5b7eaeec1ea395a0049311e8a52ef367,0.0003809928894042969,89
1643860452.2015839,node1,31d4289e73eae531e8bb9f851c630835673a31f524019ed7ec2dbf51695e16ea,0.0003724098205566406,89
1643860452.7668538,node1,afc148a14a31292014421b90601eb97a11e378e15c1322ad778b7d01ae908f79,0.00038886070251464844,89
1643860452.8426964,node1,67965e3549218b68e889a7da4696483e696b725ce0679d39fa90513b1ce3137c,0.0003516674041748047,89
1643860453.4658806,node1,f8accaa3ad2e630c3097609b492f81d89375fabc39fc972e05a1aa2bc7fc57c6,0.0003910064697265625,89
1643860454.0871012,node1,84ec5116e289c4a15cc32b398dfb183aad1fbf306774527eea9b52e17e3ccc98,0.0002830028533935547,89
1643860454.1013741,node1,db2c902fd546e6392bcbc7d9c5442f0db5d301fc9314b40c456cbc12268b0925,0.00022482872009277344,89
1643860454.233233,node1,d13ff445794bcefe35833dd98aafd9eae733afb9a91e98f6fd27f375b72ea983,0.00032973289489746094,88
1643860454.3772306,node1,de5145dd00561e1904ec5cb3a463db5706571851b8aac08b045a8637d6f3c3f0,0.0003058910369873047,89
1643860455.1317008,node1,6023747408e346a1121a392c84e757335470d761adcd0fbf9fe6d5395687567c,0.0003266334533691406,89
1643860456.1786108,node1,3273e48db739338167ae9fbdc6b1d49c36afd5625c4503e519e4672ff7e1d623,0.0003502368927001953,89
1643860456.355293,node1,31042dc1224a5c44c7a4ccd5184bae07b7f0dbec0564e8b1bf50bbfcbd6f6a60,0.00033664703369140625,88
1643860456.3859594,node1,3746025605149e216c379909e183b508e021c439c775dc9890ba94e10707917b,0.0003018379211425781,89
1643860456.6541178,node1,d093320b6194eb84754efbc4eaa866cf027279669e70332b634c0fc3f6cfed18,0.000316619873046875,89
1643860458.3516798,node1,b0fa12112fe76d3698fdff10f9793824adf4218253ca39be140e8f3e8de24550,0.00033402442932128906,89
1643860459.4829261,node1,bf1e1f82aa500238a4b1562f65fdb2f41522cc8308fd92e66daa3e0d9c22eada,0.0003628730773925781,89
1643860459.9831662,node1,5977d962091c5cf8a8f785934990659d1ab7d3014dee4f049f3591c5bfcf5e5b,0.000347137451171875,89
1643860460.6946802,node1,294c673b6332b181b5d490c4969bbb2adf73d30a44a05b9e880a4826512342bb,0.000347137451171875,89
1643860460.9801476,node1,8ace60d5ea1616e3b58e4f41c87067ca99ff3aec1a67538ae1c1c0b84a7f4a3b,0.0003490447998046875,89
1643860461.2716415,node1,d82fa998d3eb10dc1276ffd965d33b7093f345194c4809bdf2384b31b3aa7118,0.0003254413604736328,89
1643860461.459873,node1,b26c7bab75f70bc346a876c83ef451183d084af8f37293f7a7abde9dccc6a9b1,0.00033926963806152344,88
1643860461.9003522,node1,03f2dc936c8e56a580869fdc2f437f273c1de9d52fec287256693d6e7478e7dd,0.0016891956329345703,89
1643860462.0042694,node1,426d71dc7dc55b86d1297622c707a3afbbc30d472ab8f9c39b4637250ad1d62c,0.0003631114959716797,89
1643860462.042666,node1,5bb38abcba6a9e52b57f437b33e4e3ed2a76f8f228119455ee145a13e9f927c0,0.00029778480529785156,88
1643860462.2774107,node1,71d7aad441992c4b251e8da6abf6182792ee272195e8e7b3afe97991324c8f57,0.0003426074981689453,89
1643860462.708041,node1,c9b20258f2d768f042469f913d556362b0567c4a0333c6d817a45be3c22e4794,0.0003056526184082031,88
1643860462.7886405,node1,6967bd8a7526a8d6adf29f782d2dfcb5bb9f60aa95daa53e7d003a7250dfc440,0.0003101825714111328,89
1643860463.148377,node1,a80353d14d0e3d12e11dd9415b74dd0b1fd535b187a608349568b1743cbdfbd7,0.0003428459167480469,88
1643860463.280847,node1,ea84871bd21ae2672b5cd5ee53b6f5f7ee491749ea0ebdb7311c0512fc7c7e4f,0.0003361701965332031,88
1643860464.3427804,node1,581f42e7fdeea0c60c97842c0ee1555d39175c452f0ebe7376b9daf40e4f78de,0.0003218650817871094,89
1643860465.2018275,node1,c1cb3b6078f4db2bed9931720254b0be8919eef537e31c86565aa35d5659f55f,0.00033354759216308594,89
1643860465.5368974,node1,80792d8117c2f89e869270fc86a3f4c2ee36814f3929acd28177eb2a69c03b69,0.00029349327087402344,89
1643860465.6422393,node1,c7ba93b3d4ee6ae9a0efaa1bc2eedf417f195cf3d9145aa482e7b0fe735d5a09,0.0002918243408203125,89
1643860466.0748227,node1,182744b57a79d795717d9b19387fec34bca6c5c4a329e04a353d3b33cf8b71c3,0.00035572052001953125,89
1643860466.3454988,node1,36c63103b06e2066713f629b7886f8b790e6434dacfd951ddb6ce4985c917cfe,0.00028967857360839844,89
1643860466.467512,node1,5e101d57812eef6278621369593407632aa3ffebda7e8d1914818ebed6aee219,0.00030422210693359375,88
1643860466.525916,node1,6f305bc0e78e19b6e51b25975497bca1852919bbcdec5e9d78d53f30b22063cf,0.00026917457580566406,88
1643860467.0226097,node1,329946d1c4eda77f2479ec83b8dae9ad599c7788b405d9ca13b5e5ca957fa24c,0.0003445148468017578,89
1643860467.5342894,node1,71c2489dfdcbeb7317c44d8e5a547d8d73b509745bb68a6c407d54081b39e7b9,0.00038504600524902344,89
1643860467.9627748,node1,1ab3258900b9ade0a3b9654d647f90053c3c7fe28718249d69af1767808b34a3,0.0003712177276611328,89
1643860468.1006656,node1,01261d6610d27464373760c9d0c5e941a5d81499875e6db6262f70c7f41b3eb3,0.00032210350036621094,89
1643860468.1832988,node1,97f9a4c9a435a9412cf5d21e5e5d7a3b705d76a67d2329b3236e74ae0eef1247,0.0003197193145751953,89
1643860468.3786607,node1,a46f39b3f7cfe5a9602a4c4201e5abf005f833a97a45b63a72099b8b856333a5,0.0003170967102050781,89
1643860469.0990815,node1,5cc32ffdd4cca801886cfbb90bf3bfa4e49ffc8edf84f4688ddf5bcd3fc339c1,0.00027871131896972656,89
1643860469.6311135,node1,2d878935fa4b8e2db3d2b01706cf835639cad935b7fa97978e4c0e2ba74f7f5a,0.00036454200744628906,89
1643860469.6527872,node1,9f0e94733941b5a302d9201c0aac7d691caecc34e8fd042bcabb7d3467790c52,0.00023651123046875,89
1643860469.7222073,node1,15ddc2cb1a373713659517726df0779d7f0bfb13835d4bcf8f42da2a508d211d,0.0002956390380859375,89
1643860469.8069265,node1,5b6bd2490283e7a270ac7b559f16da14beefbe33928a1a9f0c5ba6b23fcb4e9f,0.0003299713134765625,89
1643860470.5267928,node1,5cdcb43f128e0a22bce9d257d70ebdd75b7bb8caef95418050ce0c0865d4c4b2,0.0002961158752441406,89
1643860470.7730281,node1,6150d6533f02eb04ce26a51cef3cc2254b6c4dae6dc798faeac6249ecc715c70,0.00035953521728515625,89
1643860471.2452018,node1,0d30b6ad76bad496254b9ccc90a5d2d905b791b9ca64920828091bed76b5a1b1,0.00032019615173339844,89
1643860471.6821785,node1,9086d1480e8d371d9b5b30a213e1fb413aa19e0eca76acee357d11c28b70af4f,0.0003390312194824219,89
1643860471.7050643,node1,29edcac4a4b2bfc6d222dddec374bfcff1b80428be1b0e3e9cd6f4d6aa646dbe,0.0002295970916748047,89
1643860472.653377,node1,0a8b53b6fbba2345df51ee876e22a6d72a24c542cda7e96f1d02131cfcaab7b1,0.0002925395965576172,88
1643860473.3287938,node1,9b1102a32b974c0f6f4e6d48c1a406881f9d23e38091e1bbf877bc0e5b39e9c6,0.0003349781036376953,89
1643860473.9703465,node1,af1ee59ac6364dc3104b21bb9171ea4ac67110d2295e7bbe90cc85aeeeac1497,0.000278472900390625,89
1643860473.9997559,node1,dcef445f003e625c6b4d2f0c76f9786970dcf1b8d5e299b69b61bc55ef97246f,0.0002243518829345703,89
1643860475.5009656,node1,385bca287097d817258aabbaea245ca0ba34b33b28bcd24d8d07d0d752bc57ea,0.0003256797790527344,89
1643860476.3333626,node1,651524569939249c75bd7e6a8702a224286179a66b50c5e2c3f931e056408254,0.0003604888916015625,89
1643860476.4374845,node1,8677595c9b67019bf246fbc0ec1d6ccd74b811b0dd524892204d1dbb96d22eba,0.00032711029052734375,89
1643860476.5737417,node1,a70fe71791f7819b1e54a9537bc697257fef26c094a615e0808e35f73a2ed440,0.00035500526428222656,89
1643860477.3805578,node1,3fe1dfadd3740464f9b0243fdbf83f2258f7d143559175c77dabb48c0cbb8540,0.00033664703369140625,89
1643860477.9825578,node1,aa9d1cc2284656d640c1046a2e3e753402d12b31835cec813eadfccccb015b4a,0.00032973289489746094,89
1643860478.0856402,node1,de207f80c20398897bf2a949c9e0c0a7d3dd99ba8814e424e258b9c587ec1bfd,0.0003337860107421875,89
1643860479.2889147,node1,a46a2b18ab3f3adea6b9f43ec9e16a5360bc070097668b83675c943dc8a80266,0.0003490447998046875,89
1643860479.3972573,node1,a22f289736b40e9e6ee21a78e6c77838741e1aa2dd4e98022fd75dba96ef00d7,0.0002582073211669922,89
1643860480.8445814,node1,d1d027b08b64834056544b9cb89cca64113dc8d65b8a1884376e99587fc530e4,0.0003476142883300781,89
1643860483.9257984,node1,327527b36a9cdf3cbe8a1ca820a7e9e378b60741f96e8db5406a73a6afb96a97,0.00035381317138671875,89
1643860485.6463869,node1,2ac331ca259dec18607292104619f4576c99de684d7e4922f83e839c854da14c,0.0002765655517578125,89
1643860485.938739,node1,c2db7786346de507a40948944ffab1e7cb75dc209918e903e5c2e9d17abef3c7,0.0004031658172607422,88
1643860486.1425457,node1,59c6a5df7cb2262d2e469bb95b593b68c95e088afd57a4febc561d77028d7bd4,0.00035834312438964844,89
1643860486.4104784,node1,b00907d78649b28c49bdaa1e9bea187ec6061983b9f38b11b0aa9b0e880eda81,0.00033545494079589844,89
1643860486.5394232,node1,6800ad4a245ac85370a17649c4d1a36415db3f63745c1ec1e6483504b644d427,0.00029730796813964844,89
1643860486.6597602,node1,102e1d61500ba34fe993471c2ca3b7c1d1499d4e9ca83df71b44c2a0eae5648f,0.0003464221954345703,89
1643860486.7774885,node1,2c45eb4c84a583a36e600a4fa7b8b314f3405b77f7d4d473d31ce5479875345b,0.00034165382385253906,89
1643860487.464672,node1,61933af4651aa3bbd9f33103bf538b9f7c37677a42c99f286e8407062a99fe4e,0.0003752708435058594,88
1643860488.595071,node1,9eba0ee072fc42601a7004a11a69f1a2292db14df10727dcf1c66aa55a40124f,0.00034999847412109375,88
1643860488.775144,node1,9720c27794aa6013cdd85f1c902acb4271fb9dfdeee1e9f32abfc48ad48bdfd8,0.00031375885009765625,88
1643860488.8363223,node1,f4e827d48ac60160b25e1a8a6359612bb5a926ee37822837d6b2cad8e508c22d,0.0003209114074707031,89
1643860488.8713868,node1,34d4fc66b207b7e4559ee0ca6b77c685a111cc50a0a03f85e284c1b781470d02,0.00025272369384765625,89
1643860489.0754383,node1,1b59b452e3657f553e96501aa1d199c634c8f620f012a1da4183d3a5befb90ff,0.00031566619873046875,89
1643860489.4822419,node1,65a13dca1115b87daa1a0b4f5df7293da1b15dca4446ed107acf8c8090265ac7,0.0003597736358642578,89
1643860489.6267717,node1,5ef3320d2353ed8900bd2ffd7c0df9f5c0a36d78831eee22f40beb4a97c76cbe,0.00029778480529785156,89
1643860489.7678282,node1,8210b3ed6e7d1de78814b92247937a912ec091aa6f778d0aa576639461ef8a2f,0.0003147125244140625,89
1643860489.7923253,node1,a7089fdde33df237b247cc5446f37df3abbbcb23e6d309c222c189d809be7ab5,0.0002636909484863281,89
1643860490.5434585,node1,a67e5bf7391f3c047567bc25a07d49b6f917e5a529c0685280dfb58840e7b00c,0.0003724098205566406,89
1643860490.7344916,node1,a2f08f2dd15b8af423e2a5f35de7cdc745d35f299fad1a55bdef6f30ba916f0d,0.00031876564025878906,89
1643860490.7794967,node1,d046cc27bae127f182b9e7211edf7e82a6c99b6622cc7c5c013aac274cb15beb,0.0003364086151123047,89
1643860490.867755,node1,169d1e1179658b097ac44b23a57d528b7d92c0a6cced51da830e77a6a06af865,0.0003116130828857422,88
1643860490.9024677,node1,80cf8b5e4559bf38c62591c789b858cc6f6bc9e8ed76a5d75fef99793e46d3a7,0.0002751350402832031,89
1643860491.0359018,node1,f5d05570b033821ac1ad62c18123ba730fb0d1808c518d0ed31be0f0d3759c01,0.00035500526428222656,89
1643860491.9856749,node1,8d1f2793f0cb3a815d50070a92cc05c664df700b78b3f6cbd380b46a225741b4,0.00039124488830566406,89
1643860492.6616838,node1,184f92f1ca6a37383f0af0d3e6cebe1ed23717337352fcf1a7e77e86b5520a4e,0.00043964385986328125,89
1643860493.743622,node1,8a8984cb030bb7b91d85dc60a17691f5955a72d08efa2032b57ddaaa1dd659dd,0.00033473968505859375,88
1643860493.7567732,node1,577c7da8a0d66d31c76e15f00853d373ef0e9b0fd8d896f1cafc7a3e2312abbc,0.00026798248291015625,89
1643860495.0771587,node1,9d1ac96e27b6fc16863329ef242893d93884f4135fb0b9d36a10ed990b01bf5d,0.00030875205993652344,89
1643860495.199888,node1,0d0f685a87263ab585cda47cf68fe2d24ba1063d5c31c64469630fe96726baa5,0.0003185272216796875,88
1643860495.24417,node1,b69702dbb8ff2bf47e3710df1b7184eb7e7d368f867958b9be2fae83ce4ad982,0.0002849102020263672,87
1643860495.7930558,node1,8b3048b7e233ccf2966952089f3f10ffeb408f7d33cba547674869b468730099,0.00032138824462890625,89
1643860497.244573,node1,4c56cacf3a52506a0b0a617e0a091bb4eb81aa42efc30ec32f18360c0c0627f8,0.00035119056701660156,88
1643860497.2941947,node1,0b6f4911fef06701c58734f8d7c9020de2c408928afa56fad47cf24de3162675,0.0002884864807128906,89
1643860497.9876237,node1,e02ffe504f5970b96a5b54c9cbc745662629879e9ec88693b56d52c9609bff92,0.00037670135498046875,89
1643860498.0185182,node1,c3f85180ac6916a803c46d379ba0cb1987e63216f59abf21d93c7f4bfca96442,0.00026106834411621094,89
1643860498.0982568,node1,6550f3ba7821262e701e781fccfa0c96b58518e8de80dba8187916df5d8021e8,0.0003349781036376953,89
1643860499.0771847,node1,9c26619f488f8af385290bc4f078bdcadbbc5c1b7c8e295b45990c3a35812458,0.0003116130828857422,89
1643860500.2548544,node1,aa723a2c0d0040b4ce4883cc39b29c136492abbc2051e7ba66fb338c85a04bb3,0.0003325939178466797,89
1643860500.4787903,node1,0b9651d8a0b712166fa9fa37fdf9e2842497cc5aad1d075745ed233296d5f6d8,0.0003476142883300781,89
1643860501.4659345,node1,63e268272baa32b5bb220c43545aa786f83d087433feb0cbc6c820c69e6aae9c,0.00034332275390625,89
1643860501.8728144,node1,7046cb32246a4e85b9df7ea8ed72b5d4fcad82defce222b9270a40cff2ccfec4,0.0003542900085449219,89
1643860502.2048354,node1,edd9ddd06075880487478574ae435076d7eb294512735598a9d32cc576d89c5a,0.0003643035888671875,89
1643860503.3156374,node1,05335a1c18f2723bd7aaf40e4ee7f24959aa5fd68b6cce416d5b9aa6cf9ed8d1,0.0003497600555419922,89
1643860503.8308735,node1,030fc4f7c7ce3b92f22a3f74dcac233e7c93a260cd984c3e9ddbb62018b8acfa,0.00030422210693359375,89
1643860504.0989504,node1,f2365e717eb9943a6e215950dc905dba4caac772d0fab1595bb7b78cc7e826f4,0.0003771781921386719,89
1643860504.6417143,node1,8c19763b62f919203268ec1bd9364e7e83dd64563bd38966f8cd619e70ae3dfd,0.0003304481506347656,89
1643860504.6584918,node1,ca3e5412ceca85da40be0c61fbc41e6acbb4e2177c10dcfd83130a633b8036ea,0.0002486705780029297,89
1643860505.400542,node1,7dff4cd1db7420ab0e9a5851120feb8c0befcbaa79a7e605632fe10ae6edd12a,0.0003333091735839844,88
1643860505.981133,node1,d25db602057db8266a9e4613ba8035edd016d9592b8de8ea531063b2f25d2840,0.00032806396484375,88
1643860506.060672,node1,15e7ff0ac5a6971d3c819d2291a89a8f6847a736de76873445849541af5086f9,0.0002961158752441406,88
1643860506.3106985,node1,e747877f1dd0f01881509cfa2fcb16775fef6bc9ec42aeb2bf958637991a59b9,0.00036406517028808594,89
1643860506.707787,node1,79f21c644e41b18756f79379813b0029280be80b88c4f6d5ce3623ad5aa5c7e9,0.0003650188446044922,88
1643860506.7445266,node1,b377dd83bb4500dfb9dd8c8d8ef1665b92199f96452a8f832de927bfbabea4ca,0.0002532005310058594,89
1643860507.0803888,node1,336ecd9f93f1a1d49e2a70aa013686b86aac705c1217634734e4f2210b2864a6,0.0004010200500488281,89
1643860507.159558,node1,3bacdebf4f1170130f68670110cdde9e5bfa4a9b56477660bf2c03476b69490d,0.00041794776916503906,88
1643860507.2125127,node1,4c0972a04240a70f3e83844d0fa175c5e91ea0f40a49fbcad0f41d1f1b36dd2e,0.00026798248291015625,89
1643860508.2135134,node1,03a6ef5a4dfddd35328c93212a256459f71b4825607fad03d68c23811de2702c,0.0003669261932373047,89
1643860508.454173,node1,2672fd489c727d4443c4b07dfeaf38ee2efd40bf01defee64c56d65422420ae5,0.0003116130828857422,88
1643860508.5380278,node1,eb8ec38749259726942d659648c5ea00dcb6efb6da4ea21278da90087c7f8fc4,0.0003304481506347656,89
1643860508.5627146,node1,1546b2b1e1b1a8ce3a2e2b42f4cd8d8184535c3a6dd929eca97f15edaba65e15,0.00027489662170410156,89
1643860508.6017368,node1,5b19029ac7543056a9112292c156b405c7519bb549b1a3e038717d89562d5c5b,0.0003223419189453125,89
1643860508.8183787,node1,cc5a84413de3fc02b62c27a928d0eaab7ab5de48e3a1a15314892de373259ae2,0.0003535747528076172,89
1643860509.855289,node1,7ae779c616005053af4ebdadcebadb9bfe666fbe5d2e29c3444a0fc132c3e4e2,0.00032138824462890625,88
1643860510.0293124,node1,f890048610db1bf04d4161ee4a76812901f24af91b4ac3ccc8b1f3891859b3f4,0.0003185272216796875,89
