1643860176.4389222,node2,dbe5da27001e608318cfcf81aec691fb4d39a23a6527d3eb0487524438a31e55,0.0004394054412841797,89
1643860179.0912561,node2,566433126e46f02ac78045d5f01b85927a45e1c0c2de66397b12ead13b26ac96,0.0004208087921142578,89
1643860179.1283042,node2,837a7595a46e1881b7ff94c6548223f042ff0567f6ff2780cf75e3f3b63db5a4,0.00036907196044921875,89
1643860179.6427715,node2,ec9f3afc64bbbcac9895a5219349de9064dafdcb4e0e719a6884fada62c7e985,0.00044417381286621094,89
1643860179.727804,node2,cca4efe042bde52bd35b43b2a52e726f111217898165ae6462c6be83229e5c3d,0.00048279762268066406,88
1643860179.7343674,node2,cd64972043daaf0baba85c9380ac1c98228488977fe81f128749070c9078f2eb,0.0003151893615722656,89
1643860180.4249482,node2,93b4f2a64dc2fcff3ff7eecf927b8ae50893a7c1ee640e539068ce98e30de42f,0.00040268898010253906,89
1643860180.7424536,node2,342a2c962fd47d309b7336177cc0576c6ccc75129a81637bcdb5bdfec610da20,0.0004448890686035156,89
1643860180.8376486,node2,16f5da066eb8eaf35e381cf9508ed034efc5fecf9e7bf0005b3f3053b4e493ce,0.00040411949157714844,89
1643860180.8982654,node2,ebec081f55f64a5627739ac47722ca16a8c96b8fb3527bb7c4a56d7284fedabe,0.0004067420959472656,89
1643860180.972364,node2,e935142570fe20e955acddd596068c5fac498f72963bfb76f6025b66aa0a507f,0.0004291534423828125,88
1643860181.9842868,node2,1ed8b217bad03196fa8dd01780727d4c13c51658fbf2ba20198192550816a5bf,0.0004208087921142578,89
1643860182.7754014,node2,abb31d1d5e9cab154ac310ec8e32e2649617bfcf3939cb99ba1efc6eed64acc4,0.000446319580078125,89
1643860182.9713192,node2,33f098d8065c46812edbd2ecaebc7ee780cce63f4b00a6cab18575687db7887f,0.0004029273986816406,89
1643860183.25989,node2,c76dcaba289bf5ca99569e2f1be5a0e652810ee79e28c11021108d9be8554869,0.0004584789276123047,87
1643860183.7138178,node2,ab9bd973d5a513af027e8eb407e1eb96dabc5a92ab3b633309d2c252a91299e5,0.0004200935363769531,89
1643860183.8038013,node2,8d8152fc67595c03c516ea7a5b6f95adaac724c4f0b27bc3a17c25a8454332a6,0.0004096031188964844,89
1643860183.9642038,node2,f408d9de9c8f5f64dc4241f82c6aaa58c2483bce6fb8c94a8033dd8bb21265d0,0.0004165172576904297,89
1643860184.0439856,node2,7fb7d4e5f5a5a589fd93430063167ba771c74f042c655f830a38b1ba62411ce3,0.0004069805145263672,89
1643860185.265551,node2,87f136611bf67be495425d07bd21cbbf2e1a4567eefd22e19df2d623204defc8,0.0003879070281982422,88
1643860186.6916122,node2,679c46b103caf5fddaf971b8492e9dced1f46d35b5f3252dd80b48f6162119ef,0.00046181678771972656,89
1643860186.7898464,node2,1e652e7c0b86668d4e7504de662bd9d20efd0ef3fcf49e74a23a077f9b29930a,0.0004119873046875,89
1643860187.4504788,node2,c1c4c90c13373baebdd0c45f71c9137fad441e4f27b86b9544c99778f5957b56,0.0004267692565917969,89
1643860188.4623604,node2,009cd5f9ec40abdda031af4c25cf54eb6e1c256d69efc3ed430e687c37315171,0.0004074573516845703,89
1643860188.55896,node2,c1f93e855404ae03aefc0c1db7303fad3093621d0d61b37d984da65907f0705b,0.0003962516784667969,87
1643860189.246124,node2,405cc77922db81533f7745977724bb39627bfad5498a3dd836d5b44c224ea9b4,0.0004627704620361328,88
1643860189.7001266,node2,e742ece7c039d9ec63c26787e68ea2737322a755d8aba93b5d2e4ceb109a34c0,0.0003936290740966797,89
1643860189.7021968,node2,1716c388e9c22121c419d04644776894983a89adbee5b0d0dc075a0448b0d603,0.00019311904907226562,89
1643860190.2788284,node2,5c4e0d0803f21c7be31cc00044eb86d98081fbcc54d6b2282c8c732f9c193428,0.0004124641418457031,89
1643860190.4461513,node2,daa70dedd3e97cb7e76fa206a3f74e9f74dbb1300342c07a169cad3aeb78fd37,0.0004215240478515625,89
1643860190.8213673,node2,ff05dbc1a4ff5d42f73109ef39fc9c72a20d47a3d1d713c45c79e59060f0737f,0.0004436969757080078,89
1643860192.9868274,node2,984eb738e57bb5fe78ec3985ddb87e7bab76052944d2e13725dcd1a97b476de6,0.0004730224609375,89
1643860193.065667,node2,bcde573a4d6e091921319597d7eeefb19cd46afadf3157a6ab69059c0f4b6c45,0.0003972053527832031,88
1643860193.2098124,node2,fb4d4edd5ef6811454df8bfeff4e9aac64afd283e11d6a682f4f8935884d4e05,0.0004291534423828125,89
1643860193.6371107,node2,51f0fc6fee3d408e5c31d17bc6449e752dd15ca714e9178c0c529d3f9e03ab84,0.00039267539978027344,89
1643860193.8616867,node2,0f6a173f9afce4dbdc056ccaad6ed9e50b4a47563f22abc539d0213da4c1a0ac,0.0004627704620361328,89
1643860194.3189514,node2,11561d87adc54e92ae837fa3edfcb120bb04f80f541ec52745cca2525cf96f5e,0.000400543212890625,89
1643860194.6302562,node2,cc819b4651e92bb136975dafd6e4b49a2dbc3ea0f6d6d814881180d0ecd4975e,0.0004181861877441406,89
1643860194.7860787,node2,db13a2f4a3d3d0697b919d0277cdf91beb9ebbaaa4f6d5bc04cc21825d44fde8,0.0004336833953857422,89
1643860194.9881542,node2,91d2ea7b58e0785cb3f62f73cc83f9d229b6f19f144219876805f815b3bc9ad8,0.00043773651123046875,89
1643860195.8238313,node2,9cc385a5decf7c18d6a7a7f52497ac6ca5544a02365d594653d13d1c27626fdb,0.00047135353088378906,89
1643860196.0903535,node2,5d7f5076d559927360c6616ddb4edece5627614c3dec4e5b0f2796ee26532d88,0.0004470348358154297,89
1643860196.102023,node2,f974cb9ff40a6264793c554ea999cfcf4dfc8ac5e78fd8969e67bc32d5bc4ccb,0.00028395652770996094,88
1643860196.4287727,node2,e015540c6af4e2bee7712ff6a5b3150faf372cac036a8e7a7e7899717824491a,0.0004990100860595703,89
1643860196.641337,node2,4f8661bb46d18eb6e26e64bf3fc9bedacf988fe48f4f5ccb6fd332fd40022e85,0.000431060791015625,88
1643860197.0290494,node2,6eda72f8d8e53a2e221adc975e9aca528bfac3e133e27d55d5f7955a390ff267,0.00042629241943359375,89
1643860197.6286182,node2,e6a7d398eb728e058a6c5bc57cf92f4976cbfdd5295ac0fda0ef328d6278107c,0.0004291534423828125,89
1643860197.7576416,node2,1e0a56622a60ca44114f80543c1476d1f0a847cd75644adcf52979fc85e79b2a,0.00042319297790527344,89
1643860197.916562,node2,92f6ccb30e9210b078e2fec02df5dbb4b1c1c554122eae27c7de9001f6d5a922,0.0004978179931640625,88
1643860199.2168531,node2,95b8a1360ab1d6e178f1b3dc5657589862eb3cffde49208d55db0c48b3041348,0.00044226646423339844,89
1643860199.2268887,node2,9204d1a28c6c2a615da8ce89838dcccdffe8358e805b5694216472584898b94f,0.0003261566162109375,89
1643860200.7267942,node2,b127932bd2a3c5ab56cd322e1e0e8689c16bb563b2287d1fc36b82e61924044e,0.0004904270172119141,89
1643860200.8206303,node2,a06c3d49d341aec2fb6fad8a740fee86c54e8a1d29fbfba28d7dcaf952e505d0,0.00042247772216796875,89
1643860201.0497634,node2,0465c11610662f1ff17eec0300d2d913e7415801e469ac0a67b393762c370ad8,0.00042748451232910156,89
1643860201.2432857,node2,ee984964ae5faee298ed2e2a2f8b73e62259d401e7c71a1138da4526d0d8a3c6,0.0004432201385498047,89
1643860202.898654,node2,53c795c068d1836e484b00979c5cd8fe1102ebc625c0b1c18dad6f494ac29508,0.0011146068572998047,88
1643860203.6473157,node2,b5673082b8c817ec381334f7a67e2a92c96b6095e33d6b057391fe2a2bed7040,0.00045108795166015625,89
1643860204.1506026,node2,5aeb1b13ad8999bcd2b37108af5c6183c0af2a1ca1ec367750bbee9fc74a7ba3,0.0005078315734863281,89
1643860204.3867373,node2,dada8ba20896b8218e11edd2d63b636f5813bcdfa7bff5b6cb982beec82d58d3,0.0004203319549560547,89
1643860204.4720967,node2,4cf276a877a97cfca8275aa0c24fee11dc67640268c8a5a2f9b46328cec20e8e,0.0004398822784423828,89
1643860204.7543087,node2,205bd343f58fac40d159ea4da26ce9e884a9f51f8037a4be23bbc02f937a6fa9,0.0004775524139404297,89
1643860205.2615566,node2,d5a914b977b670e7c931b9441a1c3f1d718950b0452cd67ec8fcc8ab52678f12,0.0004513263702392578,89
1643860205.270013,node2,fae0cc2ebac97061e21322cc7458d3e3877cbbd5ab2fa91d4f5581aed42a5f54,0.0003619194030761719,88
1643860205.921859,node2,d027509a305983602197e21ed448868b0191a3f1fa12ce8d83b942b4201c51d2,0.00044465065002441406,88
1643860206.6747522,node2,0f89adae4600a20723b8e121c019b084b8555d73301a99233be14b0d18612953,0.0004069805145263672,89
1643860207.4096,node2,640b06f159cf9e7d37304a373a7a0ae31134b2c624a5cdba3d30737786e035f2,0.0003864765167236328,86
1643860207.4844537,node2,cb4818fad873cd73a87566467db7b1a5d7373d7318f57ff0b0f22d585aa2880d,0.00041604042053222656,89
1643860208.0713487,node2,0cc08cdcfa275eeb42c0d586de9b30482338537431a32b0929e89ed430b4eec3,0.0004012584686279297,89
1643860208.1003983,node2,3d35f495f1f857d80a815d087fd5bb355a6e29f1412f208113dcbe3586a63f15,0.00037932395935058594,89
1643860208.216043,node2,8da70305acc64af31d7672a11fcdcc85f79d4e0c5bed2d305f8d71f1326a4b5f,0.00039958953857421875,88
1643860208.3915482,node2,5e6714c5611eb9f446d9a25b68531b23eda8f4934b2efe017b6ddd76f7d1383a,0.00039505958557128906,89
1643860208.6346278,node2,e73fc88b326024a89df2dde1bf90ec5cd6812a4cac2bda91c4cc5754d82e4f29,0.000392913818359375,89
1643860209.012936,node2,2ce73fcfebbefe3afe1e71f0a693e635dd8d4f9c5803c78af442a8b094f42917,0.0004119873046875,88
1643860209.2808611,node2,d8d0d5d86cb24e75f986e0c9ad4eaf7049b6cf4063f9ba6d52dfa2ec191142e5,0.00042939186096191406,89
1643860210.0665576,node2,06778b3b034ef4196be09fd8d01bee21e09c1d92e609bdf6fe713803c7ee9251,0.0005142688751220703,89
1643860210.841188,node2,81afce326dd581129a10b644f64bb57af0c9ea6ee50ca2aa6d387a534a16661b,0.00044345855712890625,88
1643860211.3236592,node2,39d723e39a9446dec1c3aebbe55a5bb5793a8e1d52c3bebac85514189e1e086f,0.0004487037658691406,89
1643860211.7707129,node2,1c0f4a436981111d74baa3854591c0eeb03d3f1d4d47bf4143cb83f78d691ab5,0.0004494190216064453,89
1643860212.6190825,node2,63f1fa6f8b19985c8687541906f9843594ae9ed3ea2733541e130c3a2aad4b9a,0.0004215240478515625,89
1643860212.9796398,node2,c04db0c9c86a3d597d7cb33b24b3c8bd14a19b2b471f2a2c3b36612586151d12,0.00038933753967285156,89
1643860214.720402,node2,bbf34414f900f4a6a88ccfe36a410c1f1aa5d0e00efe685f6bf6b816899eec29,0.00046896934509277344,88
1643860217.4903977,node2,a490d50a592366145b8442e9f5174ced25a4d9696a2ec9705ca66abcbd1a8e54,0.0004229545593261719,89
1643860217.60124,node2,cce5acac5a893a60226944d82f5ed78103f06fecc8a962444c5743f1149df0e7,0.0004029273986816406,87
1643860218.8759274,node2,73d9d5e8115a1ed1d70a2be8b18ec9479c79de602e95a76f582feb0ad489c246,0.00045490264892578125,89
1643860219.0159023,node2,a20d32536bcbdeaea3bedf56eadc8edf352eda09a3afc40e2fa693115e92e35d,0.00044083595275878906,89
1643860219.3310533,node2,e9cb90853c93da7dd8da8f5ad26ba66ea54bfb8c7b08a01692314cc0e57c09c7,0.0004425048828125,89
1643860219.5350778,node2,479e3f09ae8a541243949aaa0c228ec76ca925dcb628b0c14957992ce83a75f6,0.0004355907440185547,89
1643860219.6551158,node2,85fbedcd98695175b040840b15ac4708269f1920dcb8de7c90f3c3dd6c04d813,0.0003829002380371094,89
1643860221.2042441,node2,8bfa6b2bda747b36125d6a111fad58726c80f2d2320627486d2b52bab3a16008,0.0004444122314453125,89
1643860221.2206578,node2,513191950f54aafc1246e946d10999278be08d66dd76efb7068823db3075f22c,0.00033664703369140625,89
1643860222.4216354,node2,5778241ace99facc9abd7f56e5ccdf1b857ddc0f61cb35a345756587ecf7c9ca,0.0004417896270751953,89
1643860222.42802,node2,9689b9ed87e0247301574b30fc71217d5f51d768101d0c27f4ed5be012e75774,0.00025272369384765625,87
1643860223.576257,node2,e9fbcb1db3b3d88fc1eef5d08f55499fe0796d91218b64008cde11d12d93e421,0.0004076957702636719,88
1643860223.9630852,node2,4e8da13339ccc91afc9b3c5a7852fc0702e5268b39884b4117f30cd2a3b0cb22,0.00045299530029296875,89
1643860224.644262,node2,02161746265ac6a432ecab15fd24dd009612b143d65dc07706493a0e7f0d2c5d,0.00039076805114746094,88
1643860225.847177,node2,ca7b482c2529dab5bfb1d831bad0aa19418211dc4240600de7b7947f65d874bf,0.0004444122314453125,88
1643860225.9874032,node2,30bd947903b8e799f026e12e036df54164b187c3f4b32250d25bd6490eaa774a,0.00041222572326660156,89
1643860227.2037337,node2,aabcc21b09ef9247b42557a90cfab1ee962f2ad75b4c7fa23cc6b63c6802fb99,0.0003936290740966797,89
1643860227.2221882,node2,b502f963dcf22c2e7bdf3cb650e7ff8a689a3d88ef38d098fcf439bd5eafb4d7,0.0003399848937988281,89
1643860228.0983605,node2,6fd2096f93b8f03c1faa13c50c7e515d2ef639118eee448730d11200636a1e5a,0.0004506111145019531,89
1643860229.042404,node2,989d1d742f3e9a977f4a4404d9b8eb0f2261d523ef7ed0f2648f02152ac9414f,0.0004227161407470703,88
1643860229.1431043,node2,751bec7db3898272b05605723b55db330469108e2570017c2adf1a2158e119df,0.0004374980926513672,89
1643860229.7995563,node2,57b47cb02a318ba64a4218e873656a2832caa6ffc93d0774ef6bf8eee972b204,0.0004010200500488281,89
1643860229.8622372,node2,aa4359288134b7757aaf12c90a428825bbfe7070f96a7499ff056e3e32fb7153,0.00040793418884277344,89
1643860229.968078,node2,f737f8b0d8cc3c6cd0dd70bc172fd1c09a153b0e3e9a636b622f0e344691e7e4,0.0004458427429199219,88
1643860230.3250005,node2,a965b77e400293b40c2ab50b51b36469a6762cfd1bbb9b5dac908a52f08207b8,0.0004439353942871094,89
1643860231.1502037,node2,8e7e3b7ce3d1430dcaa15d95f884575608a86c9ce816da4bdbebdb8777827700,0.00041484832763671875,89
1643860232.1954875,node2,cbd8679c58ac2520bc21676a6d67a6233afa4b9c185fc6e4dee02aec00139695,0.0004620552062988281,89
1643860232.2510324,node2,dbfff4efabf7dcc74f1565354648192114130b7dcfb1fe015e343f0d21a8d9cf,0.0003807544708251953,89
1643860233.6503887,node2,9fcb02eeb4cfe30108c22fe03d6de5436e419a14aa93cbfd919cc3d68baff1a5,0.00045800209045410156,89
1643860233.7022407,node2,100f01603b56c5005fba6f868ad348f4ac5e9377e4fd87d484f0cdfa7bcdc7bf,0.00034689903259277344,89
1643860234.3669958,node2,22d16dd23020f8aaccacc84dfcdfffbd8b5568d5ddf23fb5ed759b464e9b4712,0.0004031658172607422,89
1643860234.5711012,node2,f367a3249169684d95741707d8a035373f9db412833e15fd7ca56157c47f5a23,0.00042700767517089844,89
1643860234.813282,node2,f7d73dbb2cc309674344ae6764dd18473f5c093505b829658d952f24be70c267,0.00041961669921875,88
1643860234.8410254,node2,fd53b5f67d07b1cb53359da4086ad3e2b976a478fa37f4e71d4cfcc14b8ab6c4,0.00040340423583984375,89
1643860234.8694918,node2,9a67ca03830b6ed0cd8747fb84ea251ee30ad6d3147a0d6a52ab79f22e42e497,0.00035691261291503906,89
1643860235.9389355,node2,8d7f48a0e9c3ccef175ab9de906de34f414883fa8be9682d1eba1c50cb17b27b,0.00043272972106933594,89
1643860236.3796234,node2,7f9b1b71e5b9482387123dc78dd1006a99a682cca6d316390f12b6b642ff6cf9,0.0004010200500488281,89
1643860236.5779,node2,26b69e7d52f354ce745b8e945ab17e7ff23580ddeb7def06846ed3098ea16ff8,0.0003943443298339844,86
1643860236.6497731,node2,ce9f7da9bf0a976a59e1c252917d77bd1a278bdfb74c86cb82933ac5c535dab7,0.0004420280456542969,89
1643860236.986481,node2,3e2b2906d6cd275f9691dd7cdbdd9022337fed47c0ac21f608c24597fe2df052,0.00040793418884277344,88
1643860236.9976614,node2,d03179f40be8a29033aaa6644a96e58510e8483cdc416ae24373eff788aa9ab3,0.0003390312194824219,89
1643860237.0191672,node2,de5fc822f0a973b0bf1ec01529a5d032630384ebe895748baacdd3e5fb96767d,0.0003139972686767578,89
1643860237.2192736,node2,7651d70974aaf2c921b422ccb5edf1c322272561e5a29fd29cbf6cec87d79198,0.00041866302490234375,89
1643860237.3986077,node2,3d048e4f2742944a3b7bfa19a60a057b56d9ffde2555a907e58179f4f28b235e,0.00041103363037109375,89
1643860237.4678633,node2,5d2072b86857c46e84f8351363fb654c375114866c439a82abfdfdf3b66bfdd1,0.0003986358642578125,89
1643860237.7125623,node2,1a27f230158a796fb6d54118b877b5104bbe0e0832978b6999cb7538a2d40a21,0.0003974437713623047,89
1643860237.8393059,node2,42fa1152dced16297e6005a1689dd8d7adf00cc9533541cae07265ee79c2b555,0.00038886070251464844,89
1643860238.1466475,node2,edad6a5f835cdeb19f87cf6fa687b5f984fdbf7f9e2ed6827d0d06f0f0f5595d,0.00042819976806640625,89
1643860238.2318323,node2,98768208c3ef82f6505731c4ebfa69615b3d737bc7b6bd59a163d2181358d9ad,0.0004012584686279297,89
1643860238.2349684,node2,1dc7fc0d17f324c70383195fe0cf62c557f0c4a0f10389a46f2ce9cd84b3a8ab,0.00023484230041503906,89
1643860238.686568,node2,d779d221a59e30e208d6bc77ea6e1d385e390a16847f3e06057c0a51203614ca,0.0004165172576904297,88
1643860238.6917515,node2,9689f7018cc3f0617f94afea2bf8212417ac1275c0aab318186c2d17ad2bf57d,0.00024175643920898438,89
1643860239.2470684,node2,7714ed1f091b5a9b9cb59ebad4f0bdd85ba7a6791eb70af3fac693de96069791,0.0004360675811767578,89
1643860239.7208586,node2,d94e20114f9c2537a2a8369e7a86a1f9aa3d7fd7dfec3dbb4926285810789fb4,0.0004451274871826172,89
1643860240.23865,node2,5b31d8632fd2e0f6fdec814f9f5b50d92f96fc8339aa62b2e254a4d46a328413,0.0004482269287109375,87
1643860240.3459556,node2,e87abb5cfb1e5c44cd8a2a7ade1648d30bf801ac47943cfe95699ae874fcada5,0.00040221214294433594,89
1643860241.4595876,node2,284fecdcf8898910fe2faf079a003af3ff7c83eae20b9dbad3eb01e7606df58a,0.00042939186096191406,89
1643860241.5658658,node2,aa3abd4a5923be94b1e658da58d2add5caaf7f19d5feb224bb37e23b687c36cf,0.0003781318664550781,89
1643860242.7062323,node2,4dabb3551182f96fda3faaa12a991192d1502d04a8ce15255bf8812994901633,0.00042319297790527344,89
1643860243.1589692,node2,02d990643a90939b0f0223af58d41b63544bc99a27a62af93839af9957ad709a,0.00040841102600097656,89
1643860243.165385,node2,a37cc405d1a89d81194113de9c79ab22ab061cabb101730e332ec92c40b99116,0.00026416778564453125,88
1643860243.5013802,node2,e444696165424b9b0907edc9d8985564751f7979b162c8738d56a5d1da30f0a5,0.000400543212890625,89
1643860243.9738894,node2,5844365331d3777464daf6993cea49e8f7a2b60ff726de2df1255be6e6d6cfe6,0.00045609474182128906,89
1643860244.0199513,node2,4039e08e7baccf51cc4087fa8f12d5601bb54297ba9b48d8649946fbbb82865c,0.0003762245178222656,89
1643860244.6172557,node2,4f6960bcb3493896c64b486e0c74fbf8067507010f9b3223dbbde6b104df6c05,0.0004355907440185547,89
1643860244.8486323,node2,3de4c1ac161549408ac7751ff0bbdb56c145955aec2417398e3bac8f92312424,0.0004413127899169922,89
1643860245.2028508,node2,c3e98d07225b68cb941cc0212760c11046337d8a460337dc87d16284f852a664,0.00046634674072265625,89
1643860245.4281065,node2,548cebb7df64d5c03844ee815df75691dff7afbc530640c601b9eced8f868908,0.0004165172576904297,89
1643860245.4971101,node2,0cfdd0fa0d25b772f51a069c5c2f6db37ff250aa66b50fe666c6e5fcd9c7e704,0.00036144256591796875,89
1643860245.5450685,node2,ce0261d072c0da26d88a3f718d5ce3fa4b87dc6a3febd11da3ca77609cb3b66d,0.0003254413604736328,89
1643860245.642542,node2,f2b068a42b013649caeeec8c7ec10cdc49a1ddd16a8302faa1c6dd3107bf936b,0.00039649009704589844,88
1643860245.696228,node2,ff88cd2fd35670a1baa5157e6a4c228f68cb4e55b90776c32b527691d97ae556,0.0003867149353027344,88
1643860245.7816362,node2,f4c4334b99c69f2ab2b07cd8c023af10439f9eb3c298ec587fef7f8cf857be5a,0.00039315223693847656,89
1643860245.9085312,node2,0cdb379ffe762fa0e86b400fd6601e22170473adb99771d9a0ae335a1953a607,0.00035953521728515625,89
1643860246.0790446,node2,d1defa05a8d5b855871cd572c47d2e0581f653e6fb9989c4b7270e5e8472c226,0.0004138946533203125,89
1643860246.161317,node2,150118fa3fa2416bcb9dd48f841c65990ecc92f081312cb3112d484fbd81f2ee,0.0004191398620605469,88
1643860246.5441964,node2,18575f25687dcc9198612cd0706562f9f72a8e9f5c5b30d960b993589d7adeca,0.00039577484130859375,89
1643860247.489603,node2,d8b7266025bbdb6ef5592f14b66013fad89d80858a12668e580ae84fe013a19b,0.0004315376281738281,88
1643860249.8405788,node2,e87775ebd36f686f7da62db2ba0a8746edf80a505bdd957bc8cf5926deda0ee3,0.00043392181396484375,89
1643860251.4704149,node2,1ea1e07ab3e3af3d43395c125eeaeb07f1c89cd288d99a682ee81ce91caa2c80,0.0004367828369140625,89
1643860252.063365,node2,7aafdc05c0eaa530e4cc131e19ec01ab62fb2c9d3169a3366bdca420f6754c14,0.00041484832763671875,88
1643860252.6483147,node2,c3e1470cc975b53f408e87d611b4ba469b99774609dd5e80b349c40a4d31cf15,0.0004227161407470703,89
1643860252.7296624,node2,93f657ba439a33581a87c20ae156056f9739e359cf767dadad95609538ab71d5,0.0004191398620605469,89
1643860252.939738,node2,6950c02884ef1b6c8a4ce1ebb6fb4dc165358e810eb4d5d7562e18710f0f109c,0.00038170814514160156,88
1643860253.053977,node2,5b4b44d2ed67e38978b8b8efef9ffc4a6b0b1e8daabed84465fafb0ec6a8e121,0.0003712177276611328,88
1643860254.516049,node2,a6e199bdcdb8a707a48401802adae85b154d73d00827ad1c58a62ce6f5f3d6df,0.0004279613494873047,88
1643860254.6620293,node2,e6a0af418ff8e8a41137558e945677b0947de7edd0c7e102e2cc347d8548c88b,0.00041794776916503906,89
1643860255.351338,node2,2b6a4b61fcc78077ba58b59b2e62e3b449b562fff00686b8e7c384e1e99c6cfc,0.0003960132598876953,88
1643860256.7741592,node2,1fa070796881d8de5343a869d3f89db66703407ae58892a3f49449f716aac021,0.00039196014404296875,89
1643860257.3168375,node2,924b15db062ec2f48f3103a7af051e8f2e8dda6784af519067d3b4153da63236,0.0004124641418457031,89
1643860257.5745595,node2,e8ee78671de07b30312386c2b5c6eb4cf06a2d5b7046ce757fc30db7f25fac4d,0.0003857612609863281,89
1643860257.7769177,node2,56a9483b7150c56e08f99253ea481536ebaba896922d851fb9dc168cc0b4513f,0.0004525184631347656,89
1643860257.8238556,node2,bf6d9611bd39eaa9dd5ed8ecd5cc027c388b1782dadba258ef6869bf609a7cb7,0.0004074573516845703,89
1643860257.953494,node2,c053b49f44d03ccbfadcc468330aeae068e5f796d218620df12497b8f0da78a5,0.0004153251647949219,88
1643860257.9760737,node2,1b213b73fc0b378f0ef954619483d55d8e347b066f63bd7aa04fc55ebd3c5186,0.0003681182861328125,89
1643860259.6595032,node2,a308800cd6575ddd026fc0fa996d96ad7abc22d6ae97406c822cfa0c51af1e29,0.0004363059997558594,89
1643860260.0964265,node2,c9cfdb2c416391f12cc8ef38033b11e86cb414a41c5cc72fef79b2f9ed51e7a2,0.00041985511779785156,89
1643860260.5115438,node2,b5e41e7512a7dbc3f859846be4c176c7dd1802ae5c5b4a2dce2abf6dbe481a40,0.000423431396484375,89
1643860260.784646,node2,7136331a7c680de1b06cfa65ca95432db8a2850734847ac117fe752d98d91abd,0.0004425048828125,88
1643860260.8504431,node2,cb9a227b8ae28e986ce69bc3f67caf579c6d267f400e27c248f89f6b4c3c6df9,0.0004315376281738281,89
1643860262.8349917,node2,6669abbdb6003f6f5cd87ec0c957c3ab0d8b824cb77a7c4685ee3a2e3d6ffbd1,0.00043511390686035156,89
1643860263.081813,node2,2ebd7d6e35e1b7974c0bcee438a9c6cc56acd811cddeba0f155bd53dff856db8,0.0004265308380126953,88
1643860263.632133,node2,53934ceb3649a2b8cfd0c9389d93d0abea2e3a5bc3997ba4465ebf1c83390487,0.0004420280456542969,88
1643860263.6786058,node2,00ef1d38e47db37c3981e8f7037687d6fc801918b03b434ad2400e9e823ff670,0.0003368854522705078,89
1643860263.8323915,node2,3db12b0db66c207db344774f3bb1a8953a83e7e0a53689a78c5c005086f19a03,0.0004169940948486328,89
1643860264.688985,node2,357bcbcb1edddbd039d208c6d83be84aad5b43d42751056bad80921ea1b14ee6,0.00043320655822753906,88
1643860265.0419598,node2,52bc3e8a8e66db511d9b1e3c87a0e7dcbf2f1350f6a9657eb5ad6294acb9a909,0.00046181678771972656,89
1643860265.2209003,node2,db3faa6eabe881c7740bcfaeefd7272fe60c192cd68b157db6860b97487f6f0d,0.0004150867462158203,89
1643860265.994755,node2,aed6ddd4af144908096d10be4f656252692d2c9a84b0a5b020ebcc77ff46c304,0.0004165172576904297,88
1643860266.716098,node2,2657f06ea26af7182060ec3ba7d8fc61ff978a6cd85fce0154ef732bbacd2bbd,0.0004432201385498047,88
1643860266.984068,node2,d849e51cb7d5c6c8679fbe21528df44e2574ad81600784bfaa7606a1c2ddff0b,0.0004191398620605469,88
1643860267.5535138,node2,78bd70d4a846d70bf246588fab8ad76c239bf6ad03d33994fc2dfdbce4349bd7,0.0004296302795410156,89
1643860268.120804,node2,b6a5d77b9dc4aa0a98f00b240f0605a0de049e85f99d75e563bf29b62d626aa3,0.00046539306640625,88
1643860268.7876067,node2,44b5e7c81a20937fec4253c48b9cf2c987bfc4621d121434afdfda3561cc344b,0.0004298686981201172,89
1643860268.8458943,node2,2c5c7d0db5b8ffc52883e5c5e67540c213dba5a08d2d5453d4010ee7e1f3536d,0.00038552284240722656,89
1643860269.1912842,node2,15ca71ee312ef930dc6e445ce5533b1b678ef5f534c9af8b326a2b03bce68bf8,0.0004439353942871094,89
1643860269.7403402,node2,3f407cec103791ee701c77262cd2f6cbd85430de01c78db5512c523a7fa2076e,0.0004127025604248047,89
1643860269.864341,node2,0c705c70237ef3821e13057d17d88191097fdb839f3595b55b7c682adcce8b3f,0.00038933753967285156,88
1643860270.1115453,node2,76f1ac3ca62dac68b22113de12f5df7ff8cd3889d31d9d1b7ae696a655a85898,0.0004990100860595703,89
1643860270.548822,node2,e52d309b0bc889cadd264b74ed6aea7bd51180b445fd1cef59b884d79906fd2a,0.000476837158203125,88
1643860270.9749258,node2,9c2e5b1adcab363f9ee0e7de1391c121d281c5dd2fdb32c6593541db6718e044,0.0004305839538574219,89
1643860271.0141017,node2,6e8eddf2da0c2b2bd1c0a361d6763137e3e33a4fb5fb7af8a801f82408f52e4a,0.0004067420959472656,89
1643860271.543318,node2,1f83e529af2cffe473d2b0c13d8b6425dc844f1630a6ca2b968d9ee373d1c0dc,0.0004429817199707031,88
1643860271.7799258,node2,f35dc75c4383f4587781b499f7d4e668245e5272775e79a03432174e688a178c,0.00041413307189941406,89
1643860272.5741618,node2,3b980dd8c6c809d0a5a68c159b26a33833787d1ada0a7006dbd875fab10b7d34,0.0004067420959472656,89
1643860272.8828568,node2,07e4bbab3e3cd1f17d1f3c706538cbb7b2b734bfe77b1c35ac887c76b8923a8b,0.0004343986511230469,89
1643860274.062952,node2,3e2e7cac90c34912e471f49b986cbf6c2b2176ba775bdb78afd2415e876fdea7,0.0004444122314453125,88
1643860274.267822,node2,7d15d07cfd71ab4655132a0fff857e03a13589d327ca53f3b9306b0cf2118254,0.0004477500915527344,88
1643860274.5486023,node2,34ec98247d8ce1f5b0e02bde8336b549adba58d313b14fb0b0470b50fca2b1a4,0.00046372413635253906,89
1643860275.298118,node2,fa419a0b635da6c5a5df0a8b6c49c01ad275067dc912d8daf1b6a8c90d84e070,0.0004642009735107422,88
1643860276.3786178,node2,9127c0a7ced6edef625e8cb307e0d073e30b611a1dbe9258fe2fb60dde6a5abb,0.00043082237243652344,89
1643860276.9195104,node2,0ccda338ad8c79ae761484f308b90a500895bac9679413ae01278c6c729c08f4,0.00041413307189941406,89
1643860279.1954968,node2,fffc5500f0d87e9d6d4e3ca3de238901d1a7d36c695a2cc746f58f6e38cd1f88,0.00040459632873535156,89
1643860279.2847185,node2,cd0cc55e096e8b8418ea437f0cea08fb30f6f477e938e11a8cb6c892417a00c9,0.00045228004455566406,89
1643860279.7020319,node2,b33412e56a0a5440be5aeafc6ba96828f7c1d9080990c1a07ee60f07c85bea84,0.0004315376281738281,89
1643860279.8370278,node2,6b7acaa39683529ab35a2147db908adddd882cfac47a5a0d96f55990ef8f4b9a,0.0003952980041503906,89
1643860280.175591,node2,790c2d14ed54f1c0a3e72f4e74026ce2aab5696156681bf99201da3e0a3eefcc,0.0004410743713378906,88
1643860280.268084,node2,241ddc4453bb2a64314cbaf84fa3f6bc146f1dc1e513e9940e6fe017844d6951,0.0003962516784667969,88
1643860280.8560824,node2,7941e87a94196cd560460441198bee72c57e3f412a1310159db030e9bf513d21,0.00047850608825683594,89
1643860281.1028526,node2,d795900e9fabf0706ef54ee8f0c3abd2707019a07365f79a2346314b600e15ec,0.0004355907440185547,89
1643860281.119217,node2,fff880e1e91fb5eabbd789dabe4cd80cef71e5fff3119bfa90cb1e2aed82dafa,0.0004405975341796875,88
1643860281.8154373,node2,f16324da91b272fa19cf9cb85abd6c14778a06f877d9c111df7c3060eca55e2b,0.0004448890686035156,89
1643860282.3186996,node2,6a7a9efcbe1cd432427231dfbc6c7724f9cea33d11ee1a53c5101f874babb01a,0.00040602684020996094,89
1643860283.2551386,node2,6a01d0d254c4b868793620f08a246e274133746cf726dc83c5ca8c937bae89c6,0.0004508495330810547,89
1643860283.547395,node2,1a7df88f7f40849e185b63c4006084b1f6e1bf9cae077dadcca73206ee50caa4,0.0004684925079345703,88
1643860283.7699435,node2,1cc84d3769c4f302e14dea74d3cb62a26251de080f4d676196006ff49557a78e,0.00040650367736816406,89
1643860284.1689975,node2,e69f1329b3ce8a736a1b8706812cf14e58b99df78d808c71d657e6760094ec91,0.0003483295440673828,89
1643860284.791493,node2,287b96d302cce4d8d240c46ff8c1be48eaa1a8e024140cd8e83c26a1347339ca,0.00045561790466308594,88
1643860285.6524706,node2,74b96b9ca225ace167e20262e3d964b40df344793555d7d7de02e42b382f7851,0.0004439353942871094,89
1643860286.0049338,node2,12e879fcd80cb1373b735d702e9ed8f00bafec1c27a5d68f6536a328a5253e6d,0.0004220008850097656,89
1643860286.1647809,node2,a554e9e461f891bf8354bdfa9c4965577a658492c48118734b2baadae76c98a5,0.0004286766052246094,89
1643860286.8344705,node2,d93a94558c18724b3f6411abc86cdc85e28c3d0ab1f93664bfb6a97e98d72277,0.00044345855712890625,89
1643860288.9562297,node2,fd826c942d50ceeb9b67607ed536249a46cb430443463237c7b7e15f156049df,0.0004031658172607422,89
1643860289.0923815,node2,18c3285776ec35d4daff706504193cf03a86b853a988cbcec42c0d27fe79fa92,0.00042247772216796875,89
1643860290.0914412,node2,cca28d60b51a47c7a228b9d79edfac25978f54d3fe79c0521ff1b835958e5142,0.00043654441833496094,89
1643860290.234095,node2,3527adbce1b0b9612b83d374baac531f579482072ec9f0d8708f6c1822a24fa8,0.00037670135498046875,88
1643860290.3503022,node2,c3ab648add0253b239a4f203ba71006862a21b47c77a77246b9c5c673f91a303,0.00039887428283691406,89
1643860290.4888244,node2,8fe29d6f6de2b1d246f60143a4b44f1d4e4dc08a0e52b623288beb079d09cd7a,0.0003829002380371094,89
1643860291.0990212,node2,fe9948afca4cca2ba53e53e82a6d8d937e8d207344b068e12af1fd5abe992c0a,0.00037670135498046875,89
1643860291.7287269,node2,a2b52eaf92bb1cbba57262be6279ac7d08e80b6a564c308780fdc2737dbd32e0,0.0004591941833496094,89
1643860292.1165943,node2,b1f05a1200eb36e73ba4dce62616961186c7e96ff7e49105ff47317e784ee3a8,0.0004038810729980469,89
1643860292.8569937,node2,98694312db57450d1a8de192a2107fac31afe53822211bca1f9b4958f8f72e20,0.0004284381866455078,89
1643860293.8867583,node2,37be7a9d294a6fdf09e94bcedc6ad47a58c08f3b1f880d5af4b97be75846bf13,0.0004975795745849609,89
1643860294.151784,node2,1e18ea9bebe831594f6e1ec9ca9eca40b75db06ceb819e09ebbe64af473a2b0f,0.0004096031188964844,88
1643860294.9794981,node2,d8ca92fb27d625209cb97090e3fc69f8ff4290d0daf44c1def657cf4f285c479,0.0004401206970214844,89
1643860295.739253,node2,bc3a6fd686e23eaf24ad02053da5978890dfc3a70279de743342076e60f66456,0.0004379749298095703,88
1643860296.0400586,node2,ae2c8346af62c74648574bb8eeff02aa283dd2f8573767308e0f4ff1e99a032d,0.00041747093200683594,89
1643860296.067646,node2,5e356f9f4805535b4ff4e3c60dd14b3a13105a17d6557a02aa35dc18297b34cd,0.00036406517028808594,88
1643860296.6076837,node2,d6d8df16f949fb95141c5bb18e9b01126b55e0375c538d1a6ef2d1a6265e52e3,0.00042247772216796875,89
1643860297.5577328,node2,eecc7d77c58e1e75e9760f98ff138b8a3f4cbfc67d8e5bcf65541db1f1b9ef05,0.000392913818359375,89
1643860297.5620997,node2,6df60c766195f46bdd2ace5f4c0c375ce81c619c66d5e165a3274b7ffa36025b,0.0002777576446533203,89
1643860298.3715055,node2,c140336038f7e596e00edb28261c55e258aadb87809d80415bf3e19b27040cac,0.0004336833953857422,89
1643860299.7328682,node2,e809e2342cba3c93c7e5d02257614be0c9da6c4a63d1312166cf2bba16e58034,0.00043892860412597656,89
1643860300.3666966,node2,fa05ab6dcf9dc2f7048167017c2b89cb13af688e2b45e98a114a957f570492f8,0.00043463706970214844,89
1643860300.375955,node2,fe95c77275644a6985502f3c6743fe1e8243be6b437c5bf30e0b5770932e8d28,0.0002980232238769531,88
1643860300.7240224,node2,0a5fecabb56941ad6992d8c03dc3aa949619e1fc28486304dc004ab21ba07ec4,0.0004436969757080078,89
1643860301.411436,node2,10f6c446dfbf14027e77d4a68e8978c43ffeb33e320dd252989789c2bc6c8785,0.0004019737243652344,88
1643860301.618133,node2,5a8e58cfe7f85375d807668dac820e514459269535c0951da18f778995458447,0.00042057037353515625,88
1643860302.3909183,node2,20606d51ddd6410d9642d78963a7eb0a4f9ff16a00762da36c2b95a41e5d0df8,0.00041174888610839844,89
1643860303.0390096,node2,1d8dfc4eb47f3976ea36c6af14c3741a2bbc00cb5ad4dab83e82d5fbaeba8949,0.00040793418884277344,89
1643860303.7052197,node2,18882a8cffd7253ec9bb43af038d559e70507ac4b0cb60bc2fa968aabc68d11c,0.00039124488830566406,89
1643860304.2264862,node2,43b7464f38008eb12ec30660cef40fbe77445778349f3b34dffea5b96cc474bb,0.00041866302490234375,89
1643860304.6901863,node2,41946a34a5562390f23565974bbdacce1a0dce93febc3b86aeecf618abd86386,0.00041604042053222656,89
1643860305.5003097,node2,2370a47d2ee38f5853e78f7629bc822435ad1536088ce048b8f2f3f0113b8090,0.00043201446533203125,89
1643860306.7539601,node2,eb6c51ccfe87f79aaaf7bfc9e31849784ddcab25e9853d95c4d8dbec034de492,0.0004875659942626953,89
1643860306.8614457,node2,03586c99f2e098c56be8fe7e4fdd40f22f03fca1f274825e639e97bbecd2fe70,0.0004131793975830078,89
1643860307.092587,node2,328782cf10bc8c4329a1ccb29c466dabc2ca976166ca3d9ec3b1069903a56790,0.0004487037658691406,88
1643860307.226231,node2,66dda439f1ca9fae48f03e962d338ec71848dbee43e26cbd5fed8b4c66cd80fe,0.00040650367736816406,88
1643860307.5175703,node2,2e5c587214c41c50fb629f0ad2932618c168a993dd475f46eec973a3d100806c,0.00042438507080078125,89
1643860308.3727574,node2,2b0b152b1eebb759eb0f0ec8ae26478a2a1c876d242e8aa1272c736143535306,0.0004210472106933594,89
1643860308.6060274,node2,d87f429180577aa1ee5a0e9834fa28bed907d79b1719335d96044f6694bf0c86,0.00044417381286621094,89
1643860308.7410212,node2,b21bf91ec41dad5ee0a7e0407937ecea481e980054eee258130b69a174d07e37,0.0004169940948486328,89
1643860309.182464,node2,0270e2dc3e19f3df9685a401837e8430f0f3fb6b4915f76afbdfdb4636ac7735,0.0004520416259765625,88
1643860309.6532547,node2,ce27a23e2c5fae0182093ce1ef6b11af902844eb405ea55d10a4bffac03ec903,0.0004093647003173828,89
1643860309.7293448,node2,6c484b166a43e5845042fb4a3dba77e89919e6f1cfe9e5c7ca3fcbbb92432e79,0.0004067420959472656,89
1643860310.6267552,node2,8eb6a88a0f0877c5375aff5ffcd589f14172a268990dab6afe834077aee64ec5,0.0004260540008544922,89
1643860311.9522963,node2,7511c847b99d98b895f67fbe8875a4d4bc97ac85a2d8cfe9eb7431d425b52dff,0.00043702125549316406,89
1643860312.5044103,node2,5f325fd14d21c94f5564ab93a0767cbb8ed1eeb3aa1d7d423c2c98fb8016fffb,0.0004363059997558594,89
1643860314.2240508,node2,821df0171317657dbce7b901d0ef7828a99c2c996f58bff749408513fe0c638d,0.0004355907440185547,89
1643860314.4999504,node2,494f7df305c997aa6afca7dc2ff4145acff0b24cc2b57d999445c44c23810272,0.00033736228942871094,89
1643860315.8287175,node2,86847360ccccaca7491f77b41375333f0207bdaca52a4d9cf08e9f49a84cb310,0.0004680156707763672,89
1643860315.9096594,node2,bd6b7632d66f1307d599af1399c515d18394cb50fd3002bd23e8bfe0304b5437,0.0003895759582519531,89
1643860316.2438927,node2,e7d759b4d33e67dffd07be61e99522625850cfc5c4ad59beac78b72e3a7e1424,0.00040268898010253906,89
1643860316.732578,node2,a90a313d9e43e770f168f6006d5c0ce76b123e30f8850ed7e1cc8bbc913f7b61,0.0004622936248779297,88
1643860317.768969,node2,fdf96e3c009078ee8aa1c4d5bd695cf42ec39f1d1f54ee3cd0a354a03a682834,0.00041866302490234375,88
1643860318.1334312,node2,405f1435b1b3325f3af923a4436330e5a1af09f722f09075636478fe711b843d,0.0004572868347167969,89
1643860318.7602832,node2,bc51867a3108b08b0798e2d272fbdd5f0126a455b5eb6fa687cc55fb4a1be8cb,0.0004172325134277344,89
1643860320.114059,node2,3306fe6be887ea9c14552fe60ae54c0d9e478a8e65c05214580fe1f96f4e2cfb,0.0018281936645507812,88
1643860320.1292818,node2,6a35fe255fbbe227c7cfdae049253b2b79e65d0210fb2a48eeb130bf7937b89d,0.00030732154846191406,89
1643860321.159654,node2,fca60c60f77846e8f4acdd7784d9ffceb8a814fa6700391899bda99406073e20,0.00045108795166015625,88
1643860321.5390007,node2,c36f978154654bade64ba2d26ad209cabc9eeb3fcb792a43a72a1e79171b3835,0.00034618377685546875,89
1643860321.8925793,node2,0fe63fe0ab3ff52fa26c30fc8715e43049a48ff952a4611e4a5ebd0fee385112,0.0003993511199951172,89
1643860322.0440657,node2,89a4a6d1d9ab69b6d69ddcd392607900226055781427b5735cb7755cf5c8cfc3,0.00042629241943359375,89
1643860322.2755828,node2,ea955ee798bcdcfcfaa3980a6f95fc018536278c9c454c9aa1b4f582edfa2969,0.00036406517028808594,89
1643860322.729182,node2,be63c9593986b6c1a22a3077896bbfb0ea2c258f3543f699cc75fd23c91a9990,0.0005536079406738281,88
1643860323.2090044,node2,fa1d778e806c099295f2078eecf871aba379ead163ff71e88a1b4739319e2267,0.0004260540008544922,89
1643860323.5878327,node2,d8e77cc78674fbffb965613747aa7b487c368069b30d8ec32c4a2acece5e575d,0.0004050731658935547,89
1643860326.1440687,node2,f52995bd913447a4f012cfa02274861bebee14984436845c752d584f05cf110e,0.0004260540008544922,89
1643860326.1985395,node2,43192fa38f65ac238f9015195cf2eec262ed7ffc4074993c660bf1082b22fd77,0.000385284423828125,89
1643860326.2345443,node2,ec0e7ec3bb381a79b7997d6f1d338ac3f21fe41686711a9da5c87b8110db8a03,0.0003879070281982422,89
1643860326.870455,node2,436dbedc88b5d44bb38a44ffe9806ecec66efa57235ebd194bb8e955e8a731b6,0.0004520416259765625,88
1643860327.8528218,node2,abb0f088e02d331e398398aacf2ec1c039487d05cfb6df813425a5ea00ab65a0,0.000385284423828125,89
1643860328.65946,node2,4cf5505171d4c68df2e2fd23518e682ce17415b04a7f0783c1ca9ed6f48dc1af,0.0004181861877441406,87
1643860328.8074737,node2,6d07f0b04d21ceee695ac94f0643101502dffed34db6aa65f431cf0aab2463ac,0.00039196014404296875,89
1643860329.0818138,node2,6259ed8bc1a49302398d37179b9286670bb731e78af073cdec7c9f05c5d68429,0.0004515647888183594,89
1643860329.6120014,node2,506785e8a6b138edfc34d22fa34638b7a9f65b1be080657c70c44eaa39e60443,0.0003972053527832031,89
1643860329.6482823,node2,b0171b345ab0b5ef35a7fcabb545fd66412c37939c5402ab49a3f6203265bced,0.00033855438232421875,89
1643860329.824192,node2,e3739a57f801f24a7681bc5f0813c535202340561e2b70183ed8acb4cb8413f5,0.0004360675811767578,88
1643860329.8591723,node2,f897aa99c46a6c257e4d28e4082a05dcbbe55b97b4bee6d108e7179292590aa6,0.00035309791564941406,89
1643860329.9308622,node2,9ee594ebb7c69ba6095cbae9411d554227015b4b6a52ab07cf6ad4b96dc3b7e1,0.0004239082336425781,89
1643860330.0665488,node2,9387dd9b0e7de73ebc4d6b5254ad266546158c77748dfa5b41212fba3fb7279a,0.00042128562927246094,89
1643860330.33275,node2,58cb7a0afde5d86ee1c712c22603f9928b8d6358ef97a7e18575cc2943d096f0,0.00045013427734375,87
1643860331.395606,node2,9db3cc65118ed90e406cbb1d948eb8cd55701349ddd5df71a7231388f35abd22,0.00041961669921875,88
1643860331.5606306,node2,ffa44eadf92011b2888450e0764f6e33fcbfefd46de4645b537fa3513c111b85,0.0004146099090576172,89
1643860331.885658,node2,c5832e2a9de22570642a7bcde3a4f9fa7770fb18ce3fea19b7e2bb51a811bdf1,0.0004525184631347656,88
1643860332.7598033,node2,7d451f5c550b2dc91418dca614701b0a01e60bd0ecf4ed0afccfc51161034308,0.00046181678771972656,89
1643860333.7606044,node2,3faade615709161a9bb8911bfdc090d1ef16cbb41c5bd2251b984d3842f26ce0,0.00039958953857421875,89
1643860333.7636516,node2,2e7107de00efc60985be3bff170abee4387e7deaf16b0abfcf3b88631f325a39,0.00019502639770507812,89
1643860334.1017158,node2,ac1fcb52055c3ca29ee5a4b503096a434669a79f7c84152873871ad9df5893e4,0.0004372596740722656,89
1643860334.2876935,node2,c830db58c3a9bf325d5433e9a176d36cd55d11f7e962d996c9c389af1ded7f28,0.00032258033752441406,89
1643860334.4491477,node2,27f4c82a1e4db45db9cbdeec072be23a2246c43179abc8d2f4624a7351c446a0,0.000392913818359375,89
1643860335.5065145,node2,25351cbf435b0d89a7a54b9730ecf5fef9966395e7b511491d6aec51f664b5d5,0.000408172607421875,89
1643860335.932375,node2,1027ab3f9964fdd0ee5bc33ffa591919add16f944fba3bab6c9f21f22b625ba7,0.0004527568817138672,88
1643860336.7153077,node2,50a3301b5e92f7d9ef3ac1c9bb441d7353d0195e6b85d2d215092cb2c56fc02f,0.00042319297790527344,89
1643860337.6325614,node2,6663d5f2f2abecb085c10701417d25f12e3a5351e9e2c8a2fd95301c4995d348,0.0004088878631591797,89
1643860337.6739445,node2,539d9460392a018e524af7fb70e862f495269366489277b82267b65482b52c0f,0.00037789344787597656,89
1643860338.8534384,node2,d33347765ad66159bf35bbbd34706867c1902899947260139244554140ec2aba,0.00043892860412597656,89
1643860339.0811331,node2,671812a2535f46289f75900fef2da2242b71c9009dabd923a8ba0f203791fbe9,0.0004200935363769531,89
1643860339.4474916,node2,c3b9bbd37125c62e4ee08598182636db298b25cb09f2b78d19863c3367437dd7,0.0004515647888183594,89
1643860339.4503672,node2,f85d60d7fb893125e1d49a2a19c465a490cc2274baa72eb0e09d34e024aa5134,0.00018286705017089844,89
1643860339.4947636,node2,3f1e4e1a281407c69181ecb0e720727ce672d804bdb91efd28521189e6205cc4,0.00036787986755371094,89
1643860339.961461,node2,bd67461bcd93badd588f4d3818ea5d90df25b421d2d3ee7179d14a9610a37252,0.00041174888610839844,88
1643860340.0384095,node2,7ac9e2335412c83e0afe996305c1619028a7eb68df8fec29e7c62884a7b0f9cf,0.0003876686096191406,89
1643860340.1589274,node2,8dc2426b16fbc08c2ae5ea568b9cba491052ffb7fcbacdcead8dc9eb60f79dc4,0.00039577484130859375,89
1643860341.266552,node2,ab0514ff656ee271be7505a21b3a0bde6be2b10f7249480ef98af427240dcecd,0.0004277229309082031,88
1643860341.953017,node2,d7cc245fcdd42de390e5e919301ff8b83e90bc66b5da50a35d256805b486fb12,0.00043463706970214844,88
1643860341.9775007,node2,c151081bd56bff1d1fc322b1145980fe7f0955e5de0eb81aff08b3a512a5429c,0.00038051605224609375,89
1643860342.578951,node2,3e094bf06bab3eca5ab09dd262450066081a08b4e1636c0fa37193239d1b9ffc,0.0004134178161621094,88
1643860343.7803469,node2,2bd96a6629f61dda47a1352fb6e8ea37b8df798feb2bd8758a3e04d52f7d500d,0.0003459453582763672,89
1643860344.148941,node2,5983f7dbdb934b4425ec3d9f59276305a6b9d75478b1b5414dd074cf0f9e8859,0.00041604042053222656,88
1643860344.866564,node2,f4a128adc26ec76af8d564320b30430d472d34c99591a52554652c4c9573ccbc,0.00035953521728515625,88
1643860345.5300903,node2,2445d7518713d6efa1575e1251ef9050b7fdc03e9cc568643d5d912d4b5e3f74,0.0004315376281738281,89
1643860345.9569645,node2,b0893be9ed5d9480726b673b2c4d5d3290a74828d656bc2f974ffe0919c33b7e,0.0004448890686035156,89
1643860345.972668,node2,fa2b5868307eccf1d213a45fafcfe921f0602c5c218320322e19774cc5e3434e,0.00030803680419921875,88
1643860346.0973647,node2,badbfd061ea4fafdecc4a5bb29b72cb03c8e84f2e3ec8312fe14ea3bf9a038f1,0.0004241466522216797,89
1643860346.8267415,node2,16a3cb6c513d27f98cf422b1db02176772cf9bbf36d4c5cb63c15e38e6e176d8,0.00046181678771972656,89
1643860348.911993,node2,a58a9fa644515899d1f5c13aa93a709d6de0d2e58d33f376c54fdf1862a373f2,0.00038242340087890625,88
1643860349.906721,node2,68e29bfe2648b6380fef64e20cf9c57358796c988bdd8d8012d6b373a9ca827f,0.00041365623474121094,88
1643860350.0009959,node2,9756f5382caf98f876f4d40155ef48d65506d4dd827471fb7641487e7c0c10da,0.0003757476806640625,89
1643860350.5185518,node2,54e5042599a28687c12b32ee4d0c65df5aa01793fd202b438baa8ac771580636,0.0003910064697265625,89
1643860350.7869987,node2,94b815038dead7a6102d0192443c3f4772da06ad299994ab440f4f18306c052b,0.0003800392150878906,89
1643860351.175029,node2,a07c66c7f2990009e927e26cade224e15c0c1e0e2e429caa8070530ea61931b0,0.00041413307189941406,88
1643860352.343312,node2,d97c99a0495db88530905a0c273d83d72c66c56e583005f945f41ec6b0b9611a,0.00041365623474121094,88
1643860353.000899,node2,a76b560473ea63b892b6e421d936748a75c5576bf76a3905273973088c07a835,0.00045490264892578125,88
1643860354.09339,node2,b34c9b98900848d10a5af974ef74cc9e1f3b27807c55209cd0c9ed1254c3da6b,0.00044798851013183594,87
1643860354.408081,node2,5125ceda8ee69fd61add0210be0c1feabd2a7a88b8f9452cf4f92b75c505352a,0.00043320655822753906,88
1643860354.6159396,node2,931cb5d118cd459ac20b006e7438781d2727dbd7cf20f952b4934f9f758ae586,0.00042319297790527344,89
1643860355.3064957,node2,241ab825e473f2e64f7538ef5c67c827d4ecfd2b373f403efaa41a413fd00fd7,0.0003743171691894531,89
1643860356.3266046,node2,942b53c826e60fc0e528578ee0dcb09b33b7ce150a9b9f3d895d2145a021257f,0.0003986358642578125,89
1643860356.977928,node2,78c9ee658b36cbba039dfc39354cd550cbd13e5de3bd96a12ee511e2207d3746,0.00037980079650878906,88
1643860357.2696204,node2,f21cd7b3f0663ccd3ed2819866e7be608ea10ac0b4428162c376d98060cb582c,0.0003943443298339844,89
1643860357.3441195,node2,08af2d85714a14bac21c6dcfb7a0af00c851730795b0cad1e14d2a19fbb9fcdb,0.00060272216796875,89
1643860357.5102222,node2,d98bf2729ef3e43c19a485431218d2eaca6af1a0b41d76f92c900c8e04a68ce9,0.0004475116729736328,89
1643860358.2050312,node2,79ad7dde30f4929baa5c53b94c191ac860c45a8f5ca2b4a8fffc6a431f8057b6,0.00043010711669921875,89
1643860358.2779033,node2,c60e09c01eeccd1a965c3069db3201625b55e53b6a4a6c3eae3c42e746d15c5a,0.0003952980041503906,89
1643860358.6575775,node2,a3beeb7b7351e02d3f9a2b0977270f8b58bba6be2e835e945d5ea285c93fc1e2,0.0003554821014404297,89
1643860359.2004137,node2,696f057a709c510d15f66e6079d193e726cb1cf1da2c63f8e4a163491d7af5d0,0.00042057037353515625,89
1643860359.618333,node2,ac8093e4ea52fd55bcd835771c3c2e6f599b1daff8b734b2408a85966c543e73,0.0004258155822753906,88
1643860360.6125968,node2,14db9dcba8eabcc5e6445b16c9dde8bde08060b6d0b6eb2ec959b6fdc359c64c,0.00039958953857421875,89
1643860361.8921237,node2,811c46a00d6a16f981ac79bf5c87f400e5c8a5c3ddaefe512feb4d51298a5081,0.00042057037353515625,89
1643860361.973319,node2,4a6f9d97526b3badeecb1b40307d9ab3e9ac5f08b99ca8d93758084d3a03488c,0.00044655799865722656,88
1643860362.6475616,node2,5f8255fa8221e880146605fff66a2e083e8ddb6ceb9656c668ec38f52fdeabf4,0.00040078163146972656,89
1643860362.6943207,node2,15939ae851b81a6097330fd82585c113cd1bd23e81d4bf3c7d5458d4bf22d65e,0.00041365623474121094,89
1643860362.7295513,node2,7c9c025f3157aa93e8d6ef838cae157917f997158a9c30ac7401ecb2505d9d50,0.0003609657287597656,89
1643860362.7501833,node2,a66d11b56619382d14c7a32c6f55f83fb69b3b575a961d87db9b5e46771f701f,0.0003261566162109375,89
1643860363.2777548,node2,c88cca54081caad8c8001f46fd42522a0a87d339b7f36065fbe05f8865eba662,0.0004303455352783203,89
1643860364.1758215,node2,37f273f134f6be23fe5df4de6cff78aa4cf91858d4e6d2f14372cc947a8dbbaf,0.00043010711669921875,89
1643860364.7094402,node2,b8be1041bd1ca5ef35f09b3991debf34221d230bd3d75952e28cb7991db99e11,0.00044035911560058594,89
1643860365.332609,node2,db6de44c5c48e569adad59619ee4a6f20d026796e1216831d7a69d1f956c6c72,0.00038313865661621094,88
1643860365.5965765,node2,93bb2619fbc352ea7942973e55e72a80d762c098012d2743d0e4734070f7db47,0.0004398822784423828,89
1643860366.2645557,node2,f4730498044197b26982c0131ed737a91f2717d0e3810a8063657242dc90a92b,0.0004124641418457031,89
1643860368.6475582,node2,f8fd7630b9491dbfca9d3b6437d6ca85ffb675811b54cef7c92be7584b0cf125,0.0003819465637207031,89
1643860369.3922472,node2,cb80c578cf7cff32c7467ca06af37a6454322f991bbd6215acd5cf7fbed7ecc0,0.0004467964172363281,89
1643860369.855529,node2,98f815e69f1bc743ea178047fd9a2993e2a9645c59f5885fb29431bd79e9d66e,0.00040411949157714844,88
1643860371.9784908,node2,8c010b444cee4053117ef52c92dd6ea965ba8abcb6d5fe3e06f02e9908412640,0.0004475116729736328,89
1643860372.1956935,node2,67dff2ab35464b3065a9b951cf7725488da9aebb425448c26cb7ade25cdd0f0d,0.0004246234893798828,89
1643860372.2593894,node2,a3934c539cc97dbdbaa703135d1ecedec46644e78e4a3e0270c3163aa6afae8f,0.00040221214294433594,89
1643860373.1062348,node2,53dc9c5ad48fef5044920485ecce859ed618e426d0f3da2669b3a9eecabd2e1b,0.000423431396484375,89
1643860373.5146005,node2,2f5f436436e041ca4c21048bb8350ddd77b53991be284a892ac2c5e535b07626,0.0004477500915527344,89
1643860373.5386007,node2,62eb5057ad621a6ee9707c70f3f03dc08e83de77f6fab80be3b67f2ae5212130,0.00037860870361328125,89
1643860374.3585548,node2,d78d82a59689be3fc25195a5ae74dee6fe054946587565089d598b54f86edbb4,0.00039458274841308594,89
1643860374.4662309,node2,0086859c7981d4dbbecd140e833ba3cb76a1440b8ec5adfed87b4c01d25c2d1a,0.0003426074981689453,89
1643860374.7360942,node2,cf855dfeb69c94aa1a767741070c29df059ea66ce11a4b078831cf4a072be1fa,0.0004506111145019531,89
1643860374.9858274,node2,11f833024e0675af1f684b5585a93ec2c0be46b15ca256d5102115bc01dab7eb,0.0004668235778808594,89
1643860375.2053459,node2,2c7e8861890181299372d470c5401cbbc622dcec4b207264ff922b2ff4d8e273,0.0004372596740722656,89
1643860375.4205499,node2,980f6680ebc69a09bc88e46eeb33103976df2cfe40a26816f369fa80ac0d557d,0.0004298686981201172,89
1643860375.7345812,node2,100808ddc399eaf801ac8645ecb2080015b960a6da8e7a15155e39c6d07ea05d,0.0004115104675292969,89
1643860375.9200177,node2,7dbea8c7ed37766e5c48e2a77cc75643c8393eb9e713bd038f8757562a7e1521,0.000415802001953125,89
1643860376.2799294,node2,e38e4f31aee9df8705649cb7188fcaa2daaf1f9fbbf40ec7b6fdc85e8ac3d5cd,0.0004277229309082031,89
1643860376.6154685,node2,7701527f23864da8b133043448e56da68c66f584e4448b48bd646edc38665ef2,0.000415802001953125,89
1643860376.783153,node2,889efee32a0f2bb6049e20352e88d653a38da3a09e471b5e75b9b3e7bb3467b4,0.0004088878631591797,88
1643860377.0600035,node2,60357358ae34c3a28e5998a9def9b47fc2228ce0ef128847cdc552b9147ac558,0.0003838539123535156,89
1643860377.2124348,node2,1a06b2bb4628dec6ac04debbb42faf78d0d42c0e5a3853c7a50d201853480c9c,0.00041294097900390625,89
1643860377.4272146,node2,b30312ec43bb06bbf051264ca2c6832e86385505d52adebbe4e38868ab398575,0.0004134178161621094,89
1643860377.9825513,node2,cbb8088838f38c2b87c10bda5808627040da8f4bbba74b6da9f76dbffdbf0853,0.0003936290740966797,89
1643860378.427289,node2,5d42720d606a08f729622e33bebde82175349ee02bb60549af754afa9b4ce57e,0.00048160552978515625,88
1643860379.056677,node2,2733e4f0171bcdd3d14cba067ca42a951618c9f8b530faabf4976e758688c7eb,0.00043010711669921875,88
1643860380.3510787,node2,8e92d476793a64b31652d37c9bcaced7cf05660746d78739b1367041a93e80e0,0.00042891502380371094,89
1643860380.6048532,node2,0e9e05d86c679c141536543c6801cf460613f17f37cca96fa9627dc75e9c578d,0.0004258155822753906,89
1643860381.2056596,node2,c1c7dfff5947c22e0075cd95711a4b8c9f197b8d7bff7a5e54d10d74c0edeaed,0.00043010711669921875,89
1643860382.6701097,node2,0f8973840ddc528c3517c3518bdc0a27cc5de44f6705b2100c31452858296878,0.0004074573516845703,89
1643860383.2934139,node2,ba6b671945c2ba1d43ae679a020dda1d25061c78cce2e43660aa2dcbe8944309,0.00043010711669921875,89
1643860383.4322112,node2,285551528b0925d5cf09f918c1b5a825d2705a38e9f6a26dd5e255f302fd8e0a,0.00039458274841308594,89
1643860383.632072,node2,47e4e60704906896fcefc3efb750eee3c2351dadb92cd907b6a2e21241c1da16,0.00044608116149902344,88
1643860383.665928,node2,f12c80732e382172b76018b735d1e85b511e94c7be7892ca454ff01ef1f96ed4,0.0003948211669921875,88
1643860384.1714585,node2,50c9dd8c33beae8e748b30006e77d4b0310e23dabd49ebd0094c82cab616badf,0.00043392181396484375,89
1643860384.5373166,node2,0b48a1261ffedd62b0a5683a0986e585cee4a15b0baf89e5b7f367f4ce37e786,0.00040340423583984375,89
1643860384.989862,node2,5778e16f276f62c5deebb5e703f11638d2f4953b75798663a5de778780c210cd,0.0003571510314941406,88
1643860386.0999475,node2,36671c3d944560a4165fe64569fb4740cbb380018aaeb7baad6ac24a58da3339,0.0004870891571044922,89
1643860386.3516648,node2,573ab85dd658bc63e12d3c9f3cbb9d5b86bb8bd4a18bca41b22a546b6372322c,0.00044417381286621094,89
1643860386.8603323,node2,3e3145e09ad836fafc8b5e6d5eb351f404024828f0f0004492893fb734360bce,0.00043010711669921875,89
1643860386.9263308,node2,ebb9e73ba7e1f882d6b5b351b7cb4c7477101197f96d226c8ce2c91463c5b796,0.000408172607421875,89
1643860387.8493075,node2,09f7110defd74ba3241859cf2280af3799045a3a1fdc8a522b44e69bab4de920,0.00040602684020996094,89
1643860388.0342572,node2,83b807474c8f395dbd2043ab6dece06703ee9d40c6bf80eb2b9d50857acf6894,0.00036334991455078125,89
1643860390.8072977,node2,6de73ab5733b03b6c33a7699d54e0dd3698638f9241ecc8cf7c1a12c3bff848f,0.00039839744567871094,89
1643860391.0886524,node2,dfea7680723f140e5e88ea99ba8ea263da1ff20131350a70ff6cc821d47051e6,0.00041985511779785156,89
1643860391.157616,node2,2a5b72873c815234389b0caeca190f01aec79a7c9c5d094567e80cda6025c961,0.0003724098205566406,88
1643860391.570093,node2,e4b141f3ce2617f83bdee0f92fd9dcc77748e458d286777f8c51552a3f76a98a,0.0004394054412841797,88
1643860392.305279,node2,4d8f37258653b5a9f5102eb54927c443e0034296012f3d9058b766cf7c156d8f,0.00043892860412597656,88
1643860393.0233116,node2,241dbc68563c827ffd47b55fb71a98f588094e6e84bed359aa743ba8d45e958a,0.0004553794860839844,89
1643860393.4207287,node2,0c75ee1b1268533f18a012cd95e4d2f7bc0a9c4cc7d2d75b44aff3d671cc2f27,0.0004215240478515625,89
1643860393.7559042,node2,aa580ae3283a3bc428f80d590e8ee4bddfd8050128a411acd17b048299ed3c35,0.0004267692565917969,89
1643860394.1010942,node2,7d288974171b195c94c9886a9e522dbfaa8adbc8e13670213fe792a20e68ed24,0.0005512237548828125,89
1643860394.5488548,node2,dc4ab4fb43c4e100ae2c05bfc0a0491872a9f5c30fd683fc0f7dc4845ebc7247,0.0004456043243408203,89
1643860394.9321253,node2,8fb91d720bc4139ecec104314b3e9afa11a0bbf7042ae8f4de26b6907cc3c0b9,0.0004210472106933594,89
1643860395.4153464,node2,40a751027df7aa9d1a55e64efc35662675e9ada22fbb70c6a429ef75996473cc,0.00040912628173828125,89
1643860395.5048454,node2,6c640e3fcb49acc0ffa9a48cdea45edb45b468f7f07de1dcc9a07f661a63b787,0.00040149688720703125,89
1643860395.6654716,node2,4ff75f4813de72f45c54876f55a9f3a032b4e33170e125b5d0eb4729a842a84f,0.00041294097900390625,89
1643860395.94909,node2,7f7824d395059ce2565171dd3211389a4defa424d3379014ddc7a8023a64ad82,0.00041985511779785156,87
1643860397.5627632,node2,d7cc59e161b29b056733d103cdb74ad30aaa56d48e920ae8f8d4b85617fab8db,0.00038886070251464844,89
1643860397.6107578,node2,58fbc6bb184ba0f57d5ca4c1522f299bc1dc9b25d66661f5e68fb4fcfd9ebfab,0.00038313865661621094,89
1643860397.7892473,node2,171fbb0c4a39df82c093520e691a5f87851bbacaa6d26af304f59d035fdc5833,0.00042128562927246094,89
1643860399.1959226,node2,c6387a877bcbfcf66d9ac7a2b21b4d7d0a1066f2f7c7044c224cc5ae76d6a272,0.0004649162292480469,89
1643860399.5456195,node2,6fa84e8e8585a9c371a3349555c708568788ee915be2eb1158d8ffdf30d92ed8,0.00039577484130859375,89
1643860399.9150753,node2,22736e4438053ada1ea3b27d48c8c2ef3eefd657f636c2bc0c2af29de14b87d3,0.0004024505615234375,89
1643860400.1807406,node2,77322c808f4051d72c3400f28a82a344b09804c9863e3c5e635f31912a0d858d,0.0004467964172363281,89
1643860400.49856,node2,11ff9b5d05fa565c9e1a3a2faa1cb5c9d1f268bd2a5d623f4d5e84f4942a6f52,0.0004019737243652344,87
1643860401.5951672,node2,7d8ade6da50af04c32bd441fc34bad9d7d828902acef03c5c9b5f61bc2c627f2,0.00042057037353515625,89
1643860402.967124,node2,472c3ce4fb25c7256c8b2c4290d89ff66364af7fc1de2875d7490e418c5dc90b,0.00043392181396484375,88
1643860403.171241,node2,4a38d550e2f77f21ab8c385469ceeda07b1eb4f9cd7cec28579779cc8b5ee50d,0.000438690185546875,88
1643860403.4534528,node2,6eabf3919704ba4835050de09dfda6d5e30e4c8e7e8c9c2d46da1dff7a90fb4f,0.00044918060302734375,89
1643860403.9562802,node2,6cb2850939d5a4ce2b08e609057e92f07669cf5b654f7e8abf3da4a70cbb8fdb,0.0004475116729736328,89
1643860404.1732767,node2,863889b6b3f299c72330d7c009b6e81a7cfb49f394513915a7a9963a75afe66e,0.0003998279571533203,89
1643860405.102006,node2,7ed98395700b6b2e8768836297f4dbc5a08a125ee95c2998d66131ba91bf6563,0.0004050731658935547,88
1643860405.1955578,node2,602d199a405552cb185c0588bad59679bd4bded1723c4ce4f7c23f6ab9c4fcc6,0.00041222572326660156,89
1643860406.5287552,node2,9209ca7b29849c5e0d49498548c4f70cffcdf510099ef1256465a65fd99e979b,0.0004482269287109375,89
1643860407.4142323,node2,5eea674b538843ba4a603c5cb706bd88cde5a6734bb86aac58cb497f17a40720,0.0004191398620605469,89
1643860407.823408,node2,78a9eb1c5609d3cd54a5b0b27c6e8bf6e7be080ff7b624342e7d23f19acc91fc,0.0004382133483886719,88
1643860408.3932261,node2,366de56d0c51b36eee6195f11d07d1629ed4b4d599263cb57ef1f65d33ab9059,0.0003979206085205078,89
1643860409.6411834,node2,e3b00df3368dc71df7aec1e8d900bd335482320f632b24832e022262d44d260c,0.00038814544677734375,89
1643860412.9742625,node2,13b8427d27b4926ff3c7f995d85482708fb738913f9263e34954ac63142f4955,0.000415802001953125,89
1643860413.2951808,node2,2ee197d1822ad02c5dafbc57f5348ed8f396e8294c3452422eaadb4251b44f5d,0.000400543212890625,89
1643860413.7790406,node2,f4dab3f0b25908113d898a25fe2afd748381d070836e8642a8becd0a7f17e725,0.0004286766052246094,89
1643860413.8336852,node2,8ac6471bc3d04cc04361db51f50579fae48e8f1d6b4a67360924e8aa1d7d57a2,0.00042176246643066406,89
1643860413.9836912,node2,94cbb59a8eaeacb4459487055dec0ecf118c6a22fbe9e819cd6d5f6c61e58e00,0.00039958953857421875,89
1643860414.1990337,node2,f65ad151ac02a0174ccd1325491e79ab9e8ce03ccb866d1e82781ae88e317bb7,0.0004353523254394531,89
1643860415.5013683,node2,ad3034ac4b36356a9d37ee0b97921238cfa960736e8a7cf93fa0129d202be147,0.0004138946533203125,89
1643860416.379688,node2,a18c31bd1abf09be6f5c067fb9f6a7d3579f20844b55a2dc4403d02d9097e3cd,0.0004181861877441406,88
1643860417.0958982,node2,5f6bb285f84136bde9f811f240513caf2c388638994d2beef9e72f591c79d7ac,0.00041222572326660156,89
1643860417.48183,node2,09bac832aad5d9118db893939a45ea1d42de8f46f5f1a8d77fcb78a321a8987a,0.0004456043243408203,87
1643860417.718782,node2,5a8cebd66a8b033ee759052d270fa17ae1028e70a60f5dea6c4152ff36f9fca6,0.0004134178161621094,88
1643860418.1170511,node2,2dd6ae5944c09cf8787344dfd2ecb8540dc469c21c0ed0de635518b8c8770527,0.00045418739318847656,89
1643860418.593121,node2,4825d08d231b718020c1efed723272fd7261d29e25a45a7ab9dbf1dac8c93d58,0.00045180320739746094,88
1643860418.9922998,node2,f59a2da780a2387fcb0081643bd6a1c39aa5a8fbeedb3d1c155ed9fd4f3a4287,0.0004227161407470703,89
1643860419.5090444,node2,2a307831ffbf888a52488436508d5161beed31bcbe17f8611d971fecfca27e6e,0.0004343986511230469,89
1643860420.0013404,node2,539aeed374f1492dd610bd4a22b223ce6f0307092b6dc1f51e92343f764146f9,0.00044345855712890625,89
1643860421.7433372,node2,7798b735b43b6e151eb7084e4c102cb748ec5f50f91b9a96571e08ff6cc55803,0.0004329681396484375,89
1643860423.0305889,node2,35838c36cd854de4418c9463f0903803967e2d1437c6f95a9323810df8ca8da4,0.00042748451232910156,89
1643860423.070723,node2,7e23fbf0d01b6ddf442e019a508cd31d623be42fdc44e53500be7039795ee2b2,0.0004124641418457031,88
1643860423.710101,node2,2c775e68ef10b7f7fc76934e89fea5352fe5bb00a516c3f9bbf0ea79dc8a39d8,0.00042939186096191406,88
1643860423.740681,node2,ffa5ec03cb97f42411c779e3923e697dc345339908f085ee7f363ed7c8caa1b2,0.00033974647521972656,88
1643860423.9506195,node2,9c753ca75340aa99e11697496cfdaf6487bb6f97103177fb259b89e96ccec46b,0.00041937828063964844,89
1643860425.1620553,node2,71cea55294bc1f86685ea44045295d9f41ccfdf70feb8a98e42744b2da22579f,0.00041747093200683594,89
1643860425.2463005,node2,272cf92f57c13a949c7494d364772fe4ba3804de8c66720c3dc88d5b84cf224e,0.0003752708435058594,89
1643860425.3402884,node2,71648b0e6eb9c8551e0aeb735f38f732f755ccb25afea2c9ad262c1c914319ae,0.0004420280456542969,89
1643860425.375463,node2,422588f38f4993304de7badd809170d72380f2eba4dfa586a36361a933dc4290,0.00036907196044921875,88
1643860425.9271746,node2,4f4133b55d584c61a95e880fba567d593b1340e54462a4de27318f04cbd099f7,0.0004405975341796875,89
1643860426.3505142,node2,f4b24102f041095bd4b64db5e65a5e70784aa999db0787bc2f6f7457547250d0,0.00041604042053222656,89
1643860427.2396393,node2,a737fcadf0358768bb2659281e00384454e82cfb974967a0b9f0a82b665d170d,0.00034332275390625,89
1643860428.1064441,node2,791fb0556df169ff2ab1258d3100b4cac23bc5a500eb9dae2deaaeab4bb46658,0.00046896934509277344,89
1643860428.5649588,node2,44866196e964f9347311b87c0ca3d4bd2d0d6b5c58676dcf555cff92de4d9a91,0.0004200935363769531,89
1643860429.3992257,node2,6257492fbb76d4ee3299e211765de72e7649bd031a737f9a9213f54c1b8b48db,0.0004184246063232422,89
1643860429.9858284,node2,0002e922074041ea6d349eb371976a5dfdf5d26069c783f0d833f655e393cd93,0.0004706382751464844,89
1643860430.19217,node2,558cf20c1e750002a75ab143fb5abff3d05a1f137acae1e63788a376ebdf245d,0.00044989585876464844,87
1643860430.3720174,node2,37af0bfd4b23f94da086ab5c05abbc501803cf82fea332ac07509287109f0681,0.00038743019104003906,89
1643860430.6103733,node2,84925b1f655a5c5f5ffa6b0a589a10b7d60aabea4871eda52b654215fb881cc3,0.0004315376281738281,89
1643860430.7072937,node2,bed3a8965076cb2c34e674321c986ffe2a4bde8d5c124067609f5194b7959ef7,0.00042057037353515625,89
1643860430.7175982,node2,7285dcfa1977b5ef64453a1b27149fe77b3bb38ebed3aee78e5bde98d4aa3b93,0.00028395652770996094,89
1643860430.7991269,node2,d1d54a1c48449c378d3211ba58f59bfabc5cf0a48d4f9014e704d31eed0f9e93,0.0003809928894042969,89
1643860431.591036,node2,d485193e9a27929198c9257b293835f6d9e5991b2be9437433f241bc27849c19,0.00040221214294433594,88
1643860431.72802,node2,1ee3b1640636f94678171644e0acb839f27473b740b080c27264d751ca8180f6,0.00042057037353515625,87
1643860432.7640522,node2,76fd3b228c7c5ce25bf528d5dc65a53332a89d8bacbce79113f2918cc7eb0912,0.00043272972106933594,89
1643860432.7788258,node2,874fd214c0508a1a24036d251379abebb764eb4e4b8ebe34f3a051816b98a331,0.0003037452697753906,89
1643860432.8682063,node2,3a2135ebe3db81ea9877bb25dbb49ccafa073339f06d0c17ca9bf35d0cf5a641,0.0003638267517089844,89
1643860433.0849762,node2,e8c131b8b9f240e236219b4f41e37016a478050939bdda9ab4c91f5ac21a61c4,0.0003924369812011719,89
1643860433.1150737,node2,7d6e32f4925d4658a2713e578e63ab5ecf64a3782742d7f8263bb9a8c81d64e3,0.0003714561462402344,89
1643860434.3465657,node2,25cb0ec0103ee7fcd28b39c64e2c2ea0848aa79390fb92bdd7ac024927b3e9a8,0.0004444122314453125,89
1643860435.086539,node2,d4163ecbd7184cd74c7def51e6c80ebb15120ab103e82187031e2e93d1ee219c,0.0004029273986816406,88
1643860435.7813075,node2,15665f024fc55c0342d98cde701c83d09fe30323a6fdf831bb2939cb697f304c,0.0004596710205078125,89
1643860436.1170723,node2,320d1f7d7af28f61a1fab89572982bb2eaeda8187a9c00a67ac8764eb3002c37,0.0004410743713378906,89
1643860436.3629327,node2,e9062465c82ef3911860008da574d2e5bb22a097c09d0ef0fe6d0fc29cfb3e8e,0.0004432201385498047,89
1643860436.391991,node2,24a1211fb1b144e5a59b2f1c22b69005f74e47a01f954f70d0a930da46529c1b,0.0003936290740966797,88
1643860436.9855633,node2,ae3227de38951be6227a1f5e3e293edc5a92fffabdf5d062fab295819c795b7f,0.00040841102600097656,89
1643860436.9862547,node2,cc9e0266454f1e8becceb6e9dcbff8180bd381ec7b800860d51be12cff446cab,0.00018978118896484375,89
1643860437.0295348,node2,fb219e808fa451bf7db048f0b5b180a6af0cfd2f31de8b3ac5c00ad7039959aa,0.0003924369812011719,89
1643860438.1815393,node2,d927d02fdba4c95a6ecbc7ab23e64ccb64529c33389016f7c6ff2882242ca2a8,0.0004742145538330078,89
1643860438.287082,node2,b29859c7099b5b48ed62721ca57d52cca5240bff834b2ef55c6a27b86a31fa00,0.00037360191345214844,88
1643860438.9602373,node2,ddf5aaabc29e3d4e5ad78979dc54342615867c3535cb1b80295d7aabb5522cdb,0.0004413127899169922,89
1643860439.5772884,node2,fd5569ab548e736c9e446a7c778f73e976fb8239b24a027d86f71604a893cf33,0.0004482269287109375,89
1643860440.0237422,node2,356405144ba67c6b9137bd94f0fce0a6ddf2714c045f308ca0a474635a9d57a3,0.0004303455352783203,89
1643860440.2955983,node2,2b9c49e7853d4fc565823fc530e3602aa1e9f2916835478e4ea9dc428fd0f094,0.00047588348388671875,89
1643860440.4487293,node2,2851c8abe2fe227f05fec89c4589e1f97c2b2c0a6db9485adef591123ba5f244,0.00039839744567871094,89
1643860440.5175815,node2,db0ec24f6fe7340cf0d6e7132e2bf047e3efd78a93dae7cb8f461b18578aaf75,0.0004904270172119141,89
1643860442.9387763,node2,83eefdb5ad0fb0ce7c427edbc2238131c96695a49a466878a462dc10361106c8,0.0004394054412841797,89
1643860443.476844,node2,e6965c410f0b9dba8be8a8699811f9d84eef1da0614c964a1c163091ba1d5ebb,0.0004248619079589844,88
1643860443.5202672,node2,64d2f2dc47b6ccff739700d18dccff8eb216715a64f4efdfe8cdc4374c8607f1,0.00037479400634765625,89
1643860443.840593,node2,d9e7d8449941920689419e24c3fe6b6a750236c38f4063efc466fe8e2b0f3b16,0.00042128562927246094,88
1643860444.0838232,node2,736939d774f587eafa26d5e431798bbf627f3dd2f26b576565f8ffb72cd4e0cc,0.00044345855712890625,89
1643860444.3260663,node2,2001aa6ded967d4383aeabc151455bcdf6fd23b0dc885863f26414a937dd3274,0.0004172325134277344,89
1643860444.6225507,node2,97b4b542f50ba28ddec8bb974fbaf117d451b18e9b26c16c43433f80a6f2041d,0.0004050731658935547,89
1643860444.8759084,node2,a2942dc4be0d35acab30c20b9913a684ddc69cc7e0d06fb012ccb41e12668bcc,0.00041794776916503906,89
1643860444.9048498,node2,ffa81b6ba78fec7a91a3df867bb6a821c3f99c5b1a43eb7d64bb7c34d04f9b0c,0.0003654956817626953,89
1643860445.1249197,node2,6d800ffc08e59d5bf28436b0e04d9e69028dab1e8d5d66d16f35307c6c060d64,0.00036907196044921875,89
1643860445.6374764,node2,82c706ee0e552a2632d4b7d8f5d3ac21ecd44a4008898cfd7c839be952a64ae2,0.0004506111145019531,89
1643860445.692846,node2,5963c5f3ba07c4bc378c1c51c4a0b7c1065731797f448d641fa7f463a2041d65,0.00038433074951171875,88
1643860445.7195766,node2,caec65e2fb608d3b8909816c35be7a812441b0813d4e22e8bc94adadd6ff8002,0.0003428459167480469,89
1643860445.7365463,node2,dc72e5b5f84344df91cec03329e6b69abdb5bf350ada0c9667313cf3012e17a0,0.0002970695495605469,89
1643860446.508598,node2,70f09c69385a71bf5c195281b61726f99648585f24a717d3a82ee9201493681b,0.0004131793975830078,88
1643860446.8610535,node2,96663e50b40081d2c0544d4d4ef6b264851251e29971256252b542a4464eaeb6,0.0004448890686035156,89
1643860447.8744903,node2,2dc4db377c3a1580485be5b1e06d01ca305aa1b4622f6820a430699268bc3d70,0.00041937828063964844,89
1643860449.5595815,node2,d6dcba88741ca8024de7529625c54a8f1909ebe42c1cea374aea018e06cb3650,0.000423431396484375,89
1643860449.7139082,node2,f66a3b3a0eeb0b843fbb7a1686d19acc95d84fe971fd022100c999c49fb14c94,0.00041675567626953125,89
1643860449.9234982,node2,c9bf32db7cd0ec19520ddaffedeb0ff97752491a75731e0613bc8fd442011c36,0.000408172607421875,89
1643860451.507858,node2,6499b16dd055f9dbd65fc4e61dca7646ba89947a5923185ee6fffc6270c52a66,0.0004229545593261719,88
1643860451.947895,node2,5d2a5ac8fc2ab0de3f479ec43ad977853c001ea56b7971d5e06892eb04fc9320,0.00043010711669921875,88
1643860451.9874406,node2,cc2894f6c317d7a1d702c82558519876cffa8052aac22a1f8587669c0c8fac07,0.00036144256591796875,89
1643860453.2021165,node2,6572cd9dca512c0ed8bcdb1c5d0267e81297e0dbddbd5536c011c73fae1361d3,0.00040149688720703125,89
1643860453.273904,node2,5fe89a0be0afb2b69f7d9dc25676254e9d201b1d6e91fde2724987039afe2848,0.00039124488830566406,88
1643860453.3384252,node2,43ab53da206731728d7a9e590fb2b7a95f1b99b9f9177ab7ba6104758cf75aca,0.000408172607421875,89
1643860454.058482,node2,e6db0d47ac177276b4bc015e3418cb343b7dad7bf0137c951856e7cc493787c6,0.0004665851593017578,88
1643860454.47144,node2,9d9fa27e9294e107ffac50139f1d5447c618449e2168f277d67d90b27fe4d67e,0.00041866302490234375,87
1643860454.553629,node2,78525c711608a5140006349516eaa29fa508f085977d1eb2c39784c12e761410,0.0003867149353027344,88
1643860455.4777415,node2,b66027aaf6cebebba3081dc08398a501a5f100ded404e96a8955d8dd9fc506d2,0.00041985511779785156,89
1643860455.624571,node2,c6c9d9937bcaa2b9de1a999505e38d301e1c89ded3589854c9acdd31182ebc3c,0.0004086494445800781,88
1643860456.0046916,node2,dde67621c34839e25cf6368912a3dd5f1cff98c3351adc31e54a6a095fcc3609,0.0003910064697265625,89
1643860456.973412,node2,a9c4bca3f37c05fb3e854366479b6cbd11f7f3e52290ddcf08f409c85b7b3bf3,0.000415802001953125,88
1643860457.4600177,node2,cb32406e84ac6f92a7857db20baac8144057c996062bf46d6dcad0e4735ead9d,0.000438690185546875,89
1643860457.5413845,node2,6ffdbf93539feb1ac60f580506fd341542c1c74e2f3660bf5bf0b22e0f14020d,0.00042819976806640625,89
1643860457.8049736,node2,b0fdc917c81843cf3e243cb8e55a681b0b01f1c0dcee9e0abb5506c40efca9e6,0.0004184246063232422,89
1643860458.5726619,node2,32c2a2e995a6230b6ef18e08dc2de32eb1b7e3a355e3b3d18380c984510777ef,0.00045037269592285156,89
1643860458.5995314,node2,919fe15e4b7aaa6625be876c8d928b73b26694c7a90ec7c3acc997f9c1835419,0.0003581047058105469,89
1643860458.7493978,node2,5a1a03b7eb59a745eec5039a2fe664c79ed8faa4052f36617e37053c433e3157,0.0003991127014160156,89
1643860458.8793879,node2,365424f3ba953e2aeb15b1e5576ab18eab8ae1052ce48d16c25c4e60a3b58b33,0.0003597736358642578,89
1643860460.0558226,node2,6b397819228cfb3248bda3d75c1f04f74b8abbf6522b9eb5ae64ba1b8f92ae4a,0.0005137920379638672,89
1643860460.5512338,node2,5c2fbc0158b4e0ab23b5ac34e6564c3b0254e4443bbc3b42bb79138cb5bc03f7,0.0004382133483886719,89
1643860461.0462394,node2,ac49934cc5bc3762379ce868c7a17a6a2ca5bb0c8f1f9a777327d8cb0164cdd8,0.0003731250762939453,89
1643860461.052165,node2,d28f9e47cf841d1246829844bffd6009d30c1dcc58f6d6d21906fb13ea7a809f,0.00026226043701171875,88
1643860461.0855458,node2,3f330e2b1b398c8ab8154b91bd4d371a41dfca404280bec78c639039f9941236,0.0002684593200683594,89
1643860461.172943,node2,545d787ecf2d87c63d9048a5faa6d0219d51c0ddc964145226c7d67336b1bd16,0.0004134178161621094,88
1643860461.2716916,node2,15b589721892f81e9b8d62da1d6a05a80ea0cfd9b9c2731a070bb04323dd33f7,0.0004374980926513672,89
1643860461.8258972,node2,5ba3fd92885140cb5a1307ea9e0867b4e215df712abd2e85e03cde910c14f2aa,0.00043702125549316406,89
1643860462.525867,node2,0f04f8b494c2bc3dd708145beef08d1907de1d894f5a1129437ec775299ed863,0.00042748451232910156,88
1643860462.682209,node2,fb0c65e821f1bb6e1e113262a3e6c097d348301e74e0908354bdc69a3e40636a,0.00040721893310546875,88
1643860463.325555,node2,4c6d38e7ad4403e486ee5c5df803ce131c8a95331e26dce9b4c1714a7bf4a945,0.0003809928894042969,88
1643860465.0885112,node2,0b7c261a8a8111bee1ea431732e2803dc809066283607f09f1fc6f49579fb320,0.000431060791015625,89
1643860465.1094482,node2,1b30e875493eb8dc40424be37c581497c31d020e469005311ead74631470a04f,0.0003743171691894531,89
1643860465.629951,node2,553e31602e7514cf12a9315c08e86c2f865c1b7b22645299cd7965a03ecf6d82,0.0004241466522216797,88
1643860466.5516715,node2,d30fc9d910ded0ab291f899e45d3f91ebfad9f17c3daf98e40410f3140d39dbc,0.00036716461181640625,89
1643860466.9492795,node2,0433136290666786307b0b15c9c80f5215156737ae5cb6cc8e714b40c2620fd3,0.00040149688720703125,89
1643860467.800021,node2,5e7cd4cf24c0dcc47289657aa0be3757957ccabbf565cb8d8c3f8a53dafb7dbf,0.0004265308380126953,88
1643860468.222996,node2,5e996f9cf416e0743ca7c683696b47da6ed3d7423ae1f54b6cf93afd3ff84bcf,0.0004093647003173828,88
1643860468.3178396,node2,1fdd1471275045e490266656f6de3ac19d48a3d9eee59ab894c8b5ec688ba967,0.0003924369812011719,89
1643860468.6019232,node2,1e45f5beb387dd8896c4ffc635e2d8d3dfa164a5267f1934da383bd29ea899c6,0.0004875659942626953,89
1643860468.6414306,node2,0117e83f3dc1c2c81b9a7c0a7cee3e6a91c643a535e22ba6129907c32e080214,0.00041675567626953125,89
1643860468.804431,node2,d3a15986434647109e4b239b3bc74a05d5a5628384be3313e7dba425c30e6e89,0.0004286766052246094,88
1643860469.0498981,node2,dddfc8dd54074f87adb50d078d78b29b7ca6f9cf3667f144b9dd79327d2064d3,0.0003914833068847656,89
1643860469.0665283,node2,2b36bdb1c5487de4f20dd9a3f3eff43614aae309de3a882677b9c5956c105f5d,0.00032138824462890625,89
1643860469.1531718,node2,eea44e320f256a70189fa08471df96118d4c67c485a4f710dd0b6f41ed3b5162,0.00035119056701660156,89
1643860470.0088027,node2,5fae3459d8e1004d7736bba4427d392ed7521db5a4186660b064a6f61e4d37d3,0.00039458274841308594,89
1643860470.5093427,node2,f4ca57e346aee6b74f22875516f792ca80e6e919f97679eb51905664512ff443,0.0004253387451171875,89
1643860471.1330326,node2,a852d76fb5e337e2566e3110f96958650db9389ab80b539e90f6f580a370ba69,0.00041604042053222656,89
1643860471.2088616,node2,eb2b1a901eba263913f00a62b9e228a8dc0ec5b64eaff4d3eb1f96cc9d71fff0,0.0003972053527832031,89
1643860471.3374403,node2,1b5902d7f262ddcac7f5488e1066088ec5ace8292fa4a53e7d3d5b364eb2761f,0.0003952980041503906,89
1643860471.9485562,node2,825b0e1ef7b82569596e321d9c7c50e44974109998ccb2202f1c4670905f9d9d,0.0004341602325439453,89
1643860472.2521482,node2,9f063d4401d1e5113185481c79f8b9840bb12d985987554193b5b04fad4d7cb8,0.00039386749267578125,89
1643860472.5441766,node2,fc6fcaa1cc25f36ef52bdb56a2b10aa2f58ad6a433ae09e0179cfc100c3461f0,0.0004291534423828125,89
1643860472.7705283,node2,a84bdf6e2bbb2cc669fe0627e5f3cf023f88ff2fd88c331c6354ca0b0857a9d4,0.00044035911560058594,89
1643860472.945551,node2,1dc3052acc80ff0ab77d193234a57fc44849363aabfb2e9809286c4c1617f14c,0.0004036426544189453,88
1643860473.1147358,node2,ede777efc52252b1bd65a442bdd7f779c31f5b7ae664a9ffdf2e46d6a32c80d1,0.00041484832763671875,89
1643860473.2688377,node2,5303d557b058caaa383a46430cd7d9d0b2c427e5d8b997ed09d327b9d8d0f735,0.00042557716369628906,89
1643860473.6821218,node2,4ea12b5f0a49816dccd3570f6326894aaee369b0ca2e71a0015126430bbccbfa,0.0004379749298095703,89
1643860473.7725885,node2,bac3c5cf585429d219cefb95b663e17fd070f0c8f824911155b0ef9ef99db005,0.00038051605224609375,89
1643860473.949953,node2,f8b2ef095ac48d8bb2b7d4f6e57d0dd060289085cea9b63da58deb2d163b6e33,0.0004074573516845703,88
1643860473.954606,node2,71ff3d02062e8da3cd5dea51e1b0c064abd3747cb88ae555b20e7c5e03f3da40,0.00024390220642089844,88
1643860474.0225754,node2,4b6d0bf90a408ada66d3078f6294ea7c2a4060b1927e9debf95280dd49032757,0.0003459453582763672,89
1643860474.3882673,node2,64be093b6bf575412d7213d7a5adbcddcd4ca64f3debdbc6770cc3833f4b5705,0.0004143714904785156,89
1643860476.9595983,node2,324e72b5b4fad0adffbe252c736c5279ddbdb6e36a99ce1dce26764a095d8281,0.0004336833953857422,89
1643860477.8084269,node2,b0852321b5a17fd0e0bb52cab27ed78210a4d3f8de20420182a6ae936d00824c,0.0004391670227050781,89
1643860478.8700488,node2,46af0aa78955b68f5f4db7ec10376a09a5777833f66109195b4384cdc6890fd4,0.00043392181396484375,89
1643860479.0349152,node2,7e8432b8c302f7af66f0c5ea6f6c1e77ff746a1ad030e4d3b81e03118c8f790a,0.0004487037658691406,89
1643860479.384696,node2,6035ef0f108f43aacb42d87d2f8bcc790001709bc15302af8eee155fe8daade1,0.0004642009735107422,88
1643860479.95454,node2,86c2f0e13db21d48bf887895666ad0332c0c1dcd5de891aa88bed3af67a0d274,0.000461578369140625,87
1643860480.3936014,node2,532ff391dff741750452cdc4f0bd44771d2492538fa4b483beb8c30f68abd1d5,0.00034928321838378906,89
1643860480.5453,node2,1d54efcceeb0506d8b74d8219df4ae27170fe30bdb93bdaaaee123a6fce5326a,0.0004055500030517578,86
1643860480.749024,node2,1c967b5b291b411d5fe02bca332c4acf7bf12c2ff40d8b076cce15998e82330a,0.0004239082336425781,88
1643860480.818006,node2,4d0ce5e053b86786e7844f0476e70beb87b07832d4212ae681def41f52948336,0.00040078163146972656,88
1643860481.062077,node2,d822986cfeed86693e295654e8c46b37430f958e92e6371a33b2edc86cc70cff,0.00041961669921875,88
1643860481.7462492,node2,02445f594da7ceefced6eaab4599c282fbcaba5cac9584785da2074f89f02e9c,0.0004227161407470703,89
1643860481.878976,node2,98ce11a9fc54739b3ffd9040ca8d9d70ddcddb791247923b1be8be62327b99b1,0.00041413307189941406,88
1643860483.435886,node2,e8fc7c1a10e8d31fc2ad94fb54d0691fb7c707e6e9435b7447c0e2052ab506e5,0.00041675567626953125,88
1643860484.5600653,node2,4f223b4d0fcc8fe262b093533d5b47061680f8ee245f40e68330872f1a179bb2,0.00041747093200683594,89
1643860484.9524465,node2,4a6e4066278d2368e4ae131c9f43168c2861de6d1b481552d909e1f7e39e9434,0.00044465065002441406,89
1643860485.4362435,node2,2d39a6ba14105dc393aa1f5be29b4c815bb9efa4e3586505b05f9fd244e017e8,0.0004076957702636719,89
1643860486.9168115,node2,1abf9ef2456862852e1a3c4eada8590360264d9b3bb4bbf528d1e6c64b426b7b,0.0004324913024902344,89
1643860487.3346686,node2,0ab1d2518c029331a6b335e2abd19429681a6b0f9118b59a390b2a02479f3855,0.00042319297790527344,89
1643860487.3628685,node2,063073b287460b4503fb9d32097ca50fd6f6662ebe3f7cbc9a7a9644a3a9257d,0.00038051605224609375,89
1643860488.4728537,node2,577154ac32f13a720c9b582de3c79778dd87e0e9da5de1ae58ea30e47b26b645,0.00043010711669921875,89
1643860488.9419446,node2,c213ab2397ffdfff3cbdbd9777750c1cef45e0c2923e68cd41800ea475799d42,0.0004246234893798828,89
1643860489.5760226,node2,9bd73a3fa9f3e2f1ca375a186434796e6f8a1f9b4d5ffe100ccb1be30eea00ca,0.0004229545593261719,89
1643860489.851877,node2,bf4176673e3639809676ae20ac09f2d98ac7f8f1fad495bad65e11f6e13d3e39,0.00041794776916503906,88
1643860490.1343496,node2,f188dbe88e1afc11493d770fe3e2e07af93df552b8aee7278dd794aea733ce49,0.00045800209045410156,89
1643860490.5524244,node2,abb971ba17b5cc96adac3fe389eeac6029d9b2b423e655287f8fe384f41aff4f,0.0003674030303955078,89
1643860490.5802462,node2,90d278eb54def7594001101487f93e3504ce869935a98b4a32c20a4b453f3de2,0.0003285408020019531,89
1643860490.626533,node2,18e558a1ca9b5b073154fc11aca11bccd6a2ca137f8fed982ff79d96ddff1e1c,0.0003750324249267578,88
1643860490.9028437,node2,b4832d5f57ff29768ca6cf73750957d98176eb10c73955e27943c09788a313b1,0.00034880638122558594,89
1643860491.2680366,node2,01b0f3c086942479ef5b2e70cd784570d4aadd296ed0c9a16bd24940ae3cd98e,0.0004432201385498047,89
1643860491.546356,node2,f1da812a1b830aaf8001de061826fb8501b174e3cdb84ebf73fc67bb86de139e,0.00043773651123046875,88
1643860491.7208574,node2,f16c9d56a4b390ef1b91f981e0108eb56fa2ae4d4d2cf013e8f3b5172909f2e2,0.00039768218994140625,89
1643860492.4511595,node2,b83769594b977c6140c2d047a9ef3d827388bdf8cec67b64f2aaebc7b919a017,0.0004506111145019531,89
1643860492.849038,node2,a8b79661d12832e966d1e60fcda4708e8c2f6c53a8c19e89541d7c435185e44a,0.00042438507080078125,88
1643860493.0799978,node2,1ba7574e63c05eda5d314f7482d0f861e4a151500090781838e7c468008f2dfb,0.0003857612609863281,89
1643860493.2769425,node2,9b8f19fdf609e354cbc6d6d138d51c63be973edcf85834665955a231ef870751,0.0004062652587890625,89
1643860493.4065456,node2,0c38ceb1a5d2fba4a917ca9c64ecfd8d012b58d271c1bd0f5e2211053ca6ce97,0.0004036426544189453,89
1643860493.7356925,node2,f53d2e96ea691c42a4fb179c2c4ae3d933764b2b3f384bd570e31964377dd686,0.00041556358337402344,89
1643860494.403971,node2,45478021a452931480be54d92708eeedcc37b6e24965dce7db4eb06c15cc836d,0.000431060791015625,88
1643860494.9522438,node2,8f4e802bbc130b437518760fb6f6c1b653badbabde79c70cfdf58ec591e16711,0.0003845691680908203,89
1643860495.1336684,node2,ac0606027e1d91f542cdea96bc553bc2e49e1af31fdbf527f7e1e3953ced457a,0.00040268898010253906,89
1643860495.5550468,node2,8ab20cb9039af32c53fde675459f70f17c8615a4188c8b6f53d3aaf9a195f259,0.0004260540008544922,89
1643860496.0130823,node2,02bd471d4d5d64422a622a240353c554d96b60e9864506537c4149aaaafc40f4,0.0004024505615234375,89
1643860496.0512557,node2,5d2abb06a938b59defce38539eb2211f1537f57301ff2cd686c167f8ec7a2ea6,0.0003676414489746094,89
1643860496.584055,node2,4b1b265f2035abcb026da4ec63243bc4be8c1e8eba660fbac7d6cb977e404ac6,0.0004227161407470703,88
1643860496.656488,node2,cac6d4f77e031b5a4384d67b38b34585c339b59b716bd03dcc4f4452c8287401,0.00039386749267578125,88
1643860496.747064,node2,a3fb75597eb1129545d8f29b3d00fe5c6edbbc36196ab39e6002479243289ca3,0.0003826618194580078,88
1643860496.7836063,node2,a372e572a9a3bcc25dbaac2543d4025ec39fd3c1681355fe973a14a299400ecc,0.00034809112548828125,89
1643860496.9063919,node2,1a1068005a62917b467b2613aea98642dd6d20f911e053ac2a2e0abba8808aa9,0.00043272972106933594,89
1643860496.9209635,node2,59015f66c34d5c47bdd5cb119ea2cc723acdda4698598a63f0a82a3c7384a3e8,0.0003056526184082031,89
1643860497.5153956,node2,2b4b19c11ad2a557bdbd3574eb6073e11c5b6ad83fb5700d164095940f26eca3,0.00042700767517089844,89
1643860498.1230214,node2,c03bef8c2c266500112375a1380ea6c795b8e21db6d59efda7793c32b7d73df6,0.0004088878631591797,89
1643860498.7439363,node2,c30215722ae094afd58cae2c23485862bc33b7faa669e51c6ed4766c84f5ebbd,0.0004329681396484375,89
1643860498.9192235,node2,1efb33fd2a0f189a23abee3b74787d47436a9d6caef2b7a097f3433a62f1cd53,0.000438690185546875,89
1643860498.9860604,node2,a340c5ab1e88efe86797a6ccb01391566e92152a00aa1308e937352cd2aa5d57,0.00041794776916503906,89
1643860499.5050883,node2,217d1773f6f2e7282ac0c9f6f26764f5b2a3b61a326f140bd3ad6a546ed42e1c,0.00040793418884277344,89
1643860500.1224205,node2,7d85371531b4505f4aee6a6e1f902290ab6b5046e4fabf4c04516b574fe09596,0.0004096031188964844,89
1643860500.7400386,node2,a7903bba104e4547961720dd66277047849538ced8454e64ef07874e2fde157d,0.0003345012664794922,89
1643860500.7517169,node2,363d6bcadb4f078fb6970e105a34201edd0deef0e76b6f6f91b899a128a60950,0.00029397010803222656,89
1643860501.6699562,node2,d352c3afb1a7ad9f59de10dda4109dcdb11bb9491cabcb7510e1ff5147371276,0.00045990943908691406,89
1643860501.9201858,node2,8d5ad91a63d034f17c0590473009422a7538039a711a50e4ee4bd82f582cbe42,0.0003910064697265625,89
1643860502.6855576,node2,3a5fd3d862c420d9a7636b683ba794b7e1fe69e0e2c2b4471e5d8357709aa51f,0.00040841102600097656,89
1643860503.6926644,node2,62374b96c64ff667ceed23052063741335851c774c2ba8e977bae76a8cc34c65,0.0004291534423828125,89
1643860503.8759296,node2,f1e50b9a2b0956bba15b345859b2afae38174c453568205ed6074786dfb2f28d,0.0004048347473144531,89
1643860504.2927728,node2,89361e6cef375922d637ffc8aadf8057df2ec0e76a6751c77579e6f05497e897,0.0004367828369140625,89
1643860508.0528996,node2,6ebf7e3a1e74894b46bdb7bbd6cb3e9a201919be3fc7bd2e03b94bf77f5d5dde,0.0004165172576904297,89
1643860508.9132867,node2,b7f98ac71e0655b3016460de8ae406bc8b8b479636d6b63be8a84b5b28a83644,0.00036215782165527344,89
1643860509.0412703,node2,0b44633a3ac1192651c70acbc5416e08719e54b4e6960e52eeeec408cd3fbc04,0.00039076805114746094,89
1643860509.5786333,node2,dcc79f39b09f0d5051f3aba003717838914b1ca478855cec6d506accea82793b,0.00038242340087890625,89
1643860509.7411797,node2,4527902fb0472cfb14ee4e5b17244ae4b03441a3c027b892fd44aac96030ef43,0.0004334449768066406,89
1643860509.7734861,node2,dea295f494a1d9578ea0ba0fe595f35a824de41349c1ce0ffdc6ae74ccc8993e,0.0004057884216308594,89
1643860509.8397942,node2,35515d8679fb3ac647349b557a2a6d3ec3d26b6f99ecff22a42809bf184640b5,0.0003986358642578125,89
1643860510.8254943,node2,8cca2ad06727ce1f3edccf55bd9c896944616a2ca3ffc67d282a39bb914ed35a,0.00048089027404785156,89
1643860510.9755707,node2,67eda3069ffd7ac6a95a8a8d267bbf49f329bee78d71b14984c614ec0f034134,0.00041484832763671875,89
1643860511.583043,node2,325b1c2b2bfa13f49db00cd1b6485da6f78b484af7031df6b955451e7e6adbed,0.00043201446533203125,88
1643860511.7982204,node2,20f363dfe5e461d7adabb9ce0e34a00b722e66d2334f9d3acdb53fea0b88ab0e,0.0004794597625732422,89
1643860512.56223,node2,d2efad63e22b819aa66b7293c0a5a47c98b65734f38e20c84dd3c449759f714d,0.00039768218994140625,87
1643860513.642487,node2,c61458f4a9c219bb71835ce38eb83a9f9fe590874cd24876dec7d268de2285ad,0.0004949569702148438,88
1643860514.405494,node2,0a9a7177f2728676fd3c9416ffdefb19dca3841a4b9037076fc8a905f992fe59,0.00037026405334472656,88
